PlayerID,Season,Name,Team,G,AB,PA,H,1B,2B,3B,HR,R,RBI,BB,IBB,SO,HBP,SF,SH,GDP,SB,CS
9874,2016,DJ LeMahieu,Rockies,146,552,635,192,141,32,8,11,104,66,66,2,80,3,6,8,19,11,7
1744,2013,Miguel Cabrera,Tigers,148,555,652,193,122,26,1,44,103,137,90,19,94,5,2,0,19,3,0
4316,2016,Daniel Murphy,Nationals,142,531,582,184,107,47,5,25,88,104,35,10,57,8,8,0,4,5,3
1744,2011,Miguel Cabrera,Tigers,161,572,688,197,119,48,0,30,111,105,108,22,89,3,5,0,24,2,1
5417,2014,Jose Altuve,Astros,158,660,707,225,168,47,3,7,85,59,36,7,53,5,5,1,20,56,9
1908,2011,Adrian Gonzalez,Red Sox,159,630,715,213,138,45,3,27,108,117,74,20,119,6,5,0,28,1,0
1744,2015,Miguel Cabrera,Tigers,119,429,511,145,98,28,1,18,64,76,77,15,82,3,2,0,19,1,1
1286,2011,Michael Young,Rangers,159,631,689,213,155,41,6,11,88,106,47,7,78,2,9,0,17,6,2
5417,2016,Jose Altuve,Astros,161,640,717,216,145,42,5,24,108,96,60,11,70,7,7,3,15,30,10
1736,2011,Jose Reyes,Mets,126,537,586,181,127,31,16,7,101,44,43,9,41,0,4,2,5,39,7
9166,2012,Buster Posey,Giants,148,530,610,178,114,39,1,24,78,103,69,7,96,2,9,0,19,1,1
393,2014,Victor Martinez,Tigers,151,561,641,188,123,33,0,32,87,103,70,28,42,4,6,0,17,3,2
8203,2015,Dee Gordon,Marlins,145,615,653,205,169,24,8,4,88,46,25,2,91,2,5,6,6,58,20
3410,2011,Ryan Braun,Brewers,150,563,629,187,110,38,6,33,109,111,58,2,93,5,3,0,9,33,6
1534,2013,Michael Cuddyer,Rockies,130,489,540,162,108,31,3,20,74,84,46,5,100,2,3,0,13,10,3
11579,2015,Bryce Harper,Nationals,153,521,654,172,91,38,1,42,118,99,124,15,131,5,4,0,15,6,4
393,2011,Victor Martinez,Tigers,145,540,595,178,126,40,0,12,76,103,46,6,51,2,7,0,20,1,0
1744,2012,Miguel Cabrera,Tigers,161,622,697,205,121,40,0,44,109,139,66,17,98,3,6,0,28,4,1
4106,2014,Michael Brantley,Indians,156,611,676,200,133,45,2,20,94,97,52,4,56,8,5,0,16,23,1
9847,2012,Andrew McCutchen,Pirates,157,593,673,194,128,29,6,31,107,96,70,13,132,5,5,0,9,20,12
10155,2012,Mike Trout,Angels,139,559,639,182,117,27,8,30,129,83,67,4,139,6,7,0,7,49,5
4314,2016,Joey Votto,Reds,158,556,677,181,116,34,2,29,101,97,108,15,120,5,8,0,16,8,1
639,2014,Adrian Beltre,Rangers,148,549,614,178,125,33,1,19,79,77,57,13,74,3,5,0,15,1,1
5631,2011,Matt Kemp,Dodgers,161,602,689,195,119,33,4,39,115,126,74,24,159,6,7,0,16,40,11
1857,2013,Joe Mauer,Twins,113,445,508,144,98,35,0,11,62,47,61,7,89,0,2,0,7,0,1
7859,2016,Charlie Blackmon,Rockies,143,578,641,187,118,35,5,29,111,82,43,4,102,13,4,3,2,17,9
10155,2013,Mike Trout,Angels,157,589,716,190,115,39,9,27,109,97,110,10,136,9,8,0,8,33,7
4727,2011,Jacoby Ellsbury,Red Sox,158,660,732,212,129,46,5,32,119,105,52,1,98,9,5,3,8,39,15
639,2012,Adrian Beltre,Rangers,156,604,654,194,123,33,2,36,95,102,36,8,82,5,9,0,8,1,0
1191,2013,Chris Johnson,Braves,142,514,547,165,119,34,0,12,54,68,29,5,116,2,2,0,20,0,0
9218,2015,Paul Goldschmidt,Diamondbacks,159,567,695,182,109,38,2,33,103,110,118,29,151,2,7,0,16,21,5
12161,2015,Xander Bogaerts,Red Sox,156,613,654,196,151,35,3,7,84,81,32,1,101,3,3,3,16,10,2
5361,2013,Freddie Freeman,Braves,147,551,629,176,124,27,2,23,89,109,66,10,121,7,5,0,11,1,0
3410,2012,Ryan Braun,Brewers,154,598,677,191,111,36,3,41,108,112,63,15,128,11,5,0,12,30,7
1857,2012,Joe Mauer,Twins,147,545,641,174,129,31,4,10,81,85,90,10,88,2,3,1,23,8,4
7007,2013,Yadier Molina,Cardinals,136,505,541,161,105,44,0,12,68,80,30,4,55,3,3,0,14,3,2
1737,2014,Justin Morneau,Rockies,135,502,550,160,108,32,3,17,62,82,34,4,60,6,8,0,7,0,3
5933,2016,Jean Segura,Diamondbacks,153,637,694,203,135,41,7,20,102,64,39,1,101,12,2,4,6,33,10
13611,2016,Mookie Betts,Red Sox,158,672,730,214,136,42,5,31,122,113,49,1,80,2,7,0,12,26,4
1327,2013,Jayson Werth,Nationals,129,462,532,147,98,24,0,25,84,82,60,3,101,5,5,0,9,10,1
8090,2013,Matt Carpenter,Cardinals,157,626,717,199,126,55,7,11,126,78,72,1,98,9,7,3,4,3,3
9166,2015,Buster Posey,Giants,150,557,623,177,130,28,0,19,74,95,56,10,52,3,7,0,17,2,0
8370,2016,Dustin Pedroia,Red Sox,154,633,698,201,149,36,1,15,105,74,61,0,73,0,3,1,24,7,4
9847,2013,Andrew McCutchen,Pirates,157,583,674,185,121,38,5,21,97,84,78,12,101,9,4,0,13,27,10
15676,2014,Jose Abreu,White Sox,145,556,622,176,103,35,2,36,80,107,51,15,131,11,4,0,14,3,1
826,2012,Derek Jeter,Yankees,159,683,740,216,169,32,0,15,99,58,45,1,90,5,1,6,24,9,4
1744,2016,Miguel Cabrera,Tigers,158,595,679,188,118,31,1,38,92,108,75,15,116,4,5,0,26,0,0
8202,2014,Josh Harrison,Pirates,143,520,550,164,106,38,7,13,77,52,22,1,81,4,2,2,6,18,7
639,2013,Adrian Beltre,Rangers,161,631,690,199,137,32,0,30,88,92,50,12,78,7,2,0,17,1,0
9256,2015,A.J. Pollock,Diamondbacks,157,609,673,192,127,39,6,20,111,76,53,0,89,2,9,0,19,39,7
10155,2016,Mike Trout,Angels,159,549,681,173,107,32,5,29,123,100,116,12,137,11,5,0,5,30,7
3433,2013,Allen Craig,Cardinals,134,508,563,160,116,29,2,13,71,97,40,2,100,10,5,0,12,2,0
7007,2012,Yadier Molina,Cardinals,138,505,563,159,109,28,0,22,65,76,45,4,55,5,5,3,10,12,3
745,2016,David Ortiz,Red Sox,151,537,626,169,82,48,1,38,79,127,80,15,86,2,7,0,22,2,0
3269,2014,Robinson Cano,Mariners,157,595,665,187,134,37,2,14,77,82,61,20,68,6,3,0,19,10,3
3269,2013,Robinson Cano,Yankees,160,605,681,190,122,41,0,27,81,107,65,16,85,6,5,0,18,7,1
4191,2015,Yunel Escobar,Nationals,139,535,591,168,133,25,1,9,75,56,45,0,70,8,2,1,24,2,2
9847,2014,Andrew McCutchen,Pirates,146,548,648,172,103,38,6,25,89,83,84,8,115,10,6,0,9,18,3
4314,2015,Joey Votto,Reds,158,545,695,171,107,33,2,29,95,80,143,15,135,5,2,0,11,11,3
8252,2011,Hunter Pence,- - -,154,606,668,190,125,38,5,22,84,97,56,3,124,1,5,0,15,8,2
5417,2015,Jose Altuve,Astros,154,638,689,200,141,40,4,15,86,66,33,8,67,9,6,3,17,38,13
4613,2012,Prince Fielder,Tigers,162,581,690,182,118,33,1,30,83,108,85,18,84,17,7,0,19,1,0
731,2012,Torii Hunter,Angels,140,534,584,167,126,24,1,16,81,92,38,1,133,8,3,1,15,9,1
7399,2012,Billy Butler,Royals,161,614,679,192,130,32,1,29,72,107,54,9,111,7,4,0,20,2,1
1744,2014,Miguel Cabrera,Tigers,159,611,685,191,113,52,1,25,101,109,60,10,117,3,11,0,21,1,1
3269,2012,Robinson Cano,Yankees,161,627,697,196,114,48,1,33,105,94,61,10,96,7,2,0,22,3,2
2136,2015,David Peralta,Diamondbacks,149,462,517,144,91,26,10,17,61,78,44,2,107,4,7,0,7,9,4
3531,2013,Troy Tulowitzki,Rockies,126,446,512,139,87,27,0,25,72,82,57,5,85,4,5,0,9,1,0
13510,2016,Jose Ramirez,Indians,152,565,618,176,116,46,3,11,84,76,44,1,62,4,4,1,10,22,7
9241,2016,Starling Marte,Pirates,129,489,529,152,104,34,5,9,71,46,23,5,104,16,0,1,8,47,12
9166,2014,Buster Posey,Giants,147,547,605,170,118,28,2,22,72,89,47,5,69,3,8,0,16,0,1
4106,2015,Michael Brantley,Indians,137,529,596,164,104,45,0,15,68,84,60,8,51,2,5,0,14,15,1
2677,2012,Jordan Pacheco,Rockies,132,475,505,147,107,32,3,5,51,54,22,2,61,3,4,1,13,7,2
745,2013,David Ortiz,Red Sox,137,518,600,160,90,38,2,30,84,103,76,27,88,1,5,0,21,4,0
4314,2011,Joey Votto,Reds,161,599,719,185,113,40,3,29,101,103,110,15,129,4,6,0,20,8,6
745,2011,David Ortiz,Red Sox,146,525,605,162,92,40,1,29,84,96,78,12,83,1,1,0,24,1,1
13624,2016,Corey Seager,Dodgers,157,627,687,193,122,40,5,26,105,72,54,5,133,4,2,0,12,3,3
4579,2011,Starlin Castro,Cubs,158,674,715,207,152,36,9,10,91,66,35,2,96,2,4,0,20,22,9
7007,2016,Yadier Molina,Cardinals,147,534,581,164,117,38,1,8,56,58,39,1,63,6,2,0,22,3,2
8370,2011,Dustin Pedroia,Red Sox,159,635,731,195,134,37,3,21,102,91,86,6,85,1,7,2,12,26,8
1433,2016,Wilson Ramos,Nationals,131,482,523,148,101,25,0,22,58,80,35,2,79,2,4,0,17,0,0
3433,2012,Allen Craig,Cardinals,119,469,514,144,87,35,0,22,76,92,37,1,89,1,7,0,15,2,1
9077,2015,Lorenzo Cain,Royals,140,551,604,169,113,34,6,16,101,72,37,4,98,12,4,0,16,28,6
6184,2016,J.D. Martinez,Tigers,120,460,517,141,82,35,2,22,69,68,49,2,128,3,5,0,13,1,2
1555,2012,Marco Scutaro,- - -,156,620,683,190,147,32,4,7,87,74,40,0,49,4,9,10,12,9,4
3787,2012,David Wright,Mets,156,581,670,178,114,41,2,21,91,93,81,16,112,3,5,0,15,15,10
1002,2011,Aramis Ramirez,Cubs,149,565,626,173,111,35,1,26,80,93,43,5,69,10,8,0,12,1,1
4712,2014,Ben Revere,Phillies,151,601,626,184,162,13,7,2,71,28,13,1,49,4,1,7,11,49,8
1930,2011,Casey Kotchman,Rays,146,500,563,153,117,24,2,10,44,48,48,5,66,12,3,0,13,2,2
4712,2015,Ben Revere,- - -,152,592,634,181,150,22,7,2,84,45,32,0,64,2,3,5,5,31,7
4022,2011,Melky Cabrera,Royals,155,658,706,201,134,44,5,18,102,87,35,3,94,1,5,7,13,20,10
3410,2016,Ryan Braun,Brewers,135,511,564,156,100,23,3,30,80,91,46,10,98,4,3,0,20,16,5
7007,2011,Yadier Molina,Cardinals,139,475,518,145,98,32,1,14,55,65,33,4,44,1,4,5,21,4,5
4613,2015,Prince Fielder,Rangers,158,613,693,187,136,28,0,23,78,98,64,14,88,11,5,0,21,0,0
3312,2016,Martin Prado,Marlins,153,600,658,183,135,37,3,8,70,75,49,4,69,4,5,0,24,2,2
4314,2013,Joey Votto,Reds,162,581,726,177,120,30,3,24,101,73,135,19,138,4,6,0,15,6,3
6035,2012,David Murphy,Rangers,147,457,521,139,92,29,3,15,65,61,54,7,74,4,4,0,7,10,5
2090,2012,Alex Rios,White Sox,157,605,640,184,114,37,8,25,93,91,26,3,92,4,5,0,18,23,6
4191,2016,Yunel Escobar,Angels,132,517,567,157,123,28,1,5,68,39,40,0,67,3,4,3,21,0,3
731,2013,Torii Hunter,Tigers,144,606,652,184,125,37,5,17,90,84,26,0,113,7,10,3,11,3,2
5450,2013,Daniel Nava,Red Sox,134,458,536,139,98,29,0,12,77,66,51,2,93,15,8,4,10,0,2
4922,2015,Ender Inciarte,Diamondbacks,132,524,561,159,121,27,5,6,73,45,26,0,58,4,5,2,8,21,10
7287,2012,Carlos Gonzalez,Rockies,135,518,579,157,99,31,5,22,89,85,56,11,115,2,3,0,11,20,5
5209,2011,Alex Gordon,Royals,151,611,690,185,113,45,4,23,101,87,67,2,139,7,3,0,9,17,8
3035,2011,Michael Morse,Nationals,146,522,575,158,91,36,0,31,73,95,36,5,126,13,4,0,9,2,3
9776,2015,Jason Kipnis,Indians,141,565,641,171,112,43,7,9,86,52,57,6,107,9,6,4,5,12,8
11739,2016,J.T. Realmuto,Marlins,137,509,545,154,112,31,0,11,60,48,28,1,100,5,3,0,12,12,4
8709,2016,Elvis Andrus,Rangers,147,506,568,153,107,31,7,8,75,69,47,2,70,4,7,4,18,24,8
9218,2013,Paul Goldschmidt,Diamondbacks,160,602,710,182,107,36,3,36,103,125,99,19,145,3,5,0,25,15,7
5361,2016,Freddie Freeman,Braves,158,589,693,178,95,43,6,34,102,91,89,18,171,10,5,0,12,6,1
1887,2011,Jose Bautista,Blue Jays,149,513,655,155,86,24,2,43,105,103,132,24,111,6,4,0,8,9,5
6104,2012,Aaron Hill,Diamondbacks,156,609,668,184,108,44,6,26,93,85,52,7,86,4,2,1,15,14,5
3269,2011,Robinson Cano,Yankees,159,623,681,188,107,46,7,28,104,118,38,11,96,12,8,0,18,8,2
3516,2013,Eric Hosmer,Royals,159,623,680,188,134,34,3,17,86,79,51,4,100,1,4,1,15,11,4
2434,2015,Nelson Cruz,Mariners,152,590,655,178,111,22,1,44,90,93,59,9,164,5,1,0,6,3,2
3531,2011,Troy Tulowitzki,Rockies,143,537,606,162,94,36,2,30,81,105,59,12,79,4,5,1,16,9,3
8347,2014,Denard Span,Nationals,147,610,668,184,132,39,8,5,94,37,50,1,65,2,3,3,6,31,7
3312,2012,Martin Prado,Braves,156,617,690,186,128,42,6,10,81,70,58,2,69,2,9,4,19,17,4
9874,2015,DJ LeMahieu,Rockies,150,564,620,170,138,21,5,6,85,61,50,4,107,1,2,3,20,23,3
12916,2016,Francisco Lindor,Indians,158,604,684,182,134,30,3,15,99,78,57,3,88,5,15,3,18,19,5
548,2011,Lance Berkman,Cardinals,145,488,587,147,91,23,2,31,90,94,92,17,93,3,4,0,7,2,6
8370,2013,Dustin Pedroia,Red Sox,160,641,724,193,140,42,2,9,91,84,73,4,75,3,7,0,24,17,5
4022,2014,Melky Cabrera,Blue Jays,139,568,621,171,117,35,3,16,81,73,43,3,67,3,5,2,19,6,2
7870,2014,Jonathan Lucroy,Brewers,153,585,655,176,108,53,2,13,73,69,66,3,71,2,2,0,13,4,4
393,2013,Victor Martinez,Tigers,159,605,668,182,132,36,0,14,68,83,54,10,62,1,8,0,23,0,2
5038,2013,Josh Donaldson,Athletics,158,579,668,174,110,37,3,24,89,93,76,2,110,6,6,1,15,5,2
11477,2015,Christian Yelich,Marlins,126,476,525,143,104,30,2,7,63,44,47,2,101,2,0,0,13,16,5
11205,2014,Adam Eaton,White Sox,123,486,538,146,109,26,10,1,76,35,43,0,83,5,2,2,4,15,9
242,2011,Paul Konerko,White Sox,149,543,639,163,107,25,0,31,69,105,77,17,89,8,11,0,14,1,1
9848,2012,Austin Jackson,Tigers,137,543,617,163,108,29,10,16,103,66,67,0,134,2,3,2,9,12,9
639,2016,Adrian Beltre,Rangers,153,583,640,175,111,31,1,32,89,104,48,6,66,6,3,0,10,1,1
589,2011,Carlos Beltran,- - -,142,520,598,156,89,39,6,22,78,84,71,7,88,3,4,0,18,4,2
791,2011,Brandon Phillips,Reds,150,610,675,183,125,38,2,18,94,82,44,3,85,9,6,5,15,14,9
1002,2012,Aramis Ramirez,Brewers,149,570,630,171,91,50,3,27,92,105,44,3,82,12,4,0,14,9,2
1873,2013,Matt Holliday,Cardinals,141,520,602,156,102,31,1,22,103,94,69,5,86,9,4,0,31,6,1
4062,2012,Dexter Fowler,Rockies,143,454,530,136,94,18,11,13,72,53,68,1,128,0,2,6,5,12,5
10155,2015,Mike Trout,Angels,159,575,682,172,93,32,6,41,104,90,92,14,158,10,5,0,11,11,7
1738,2011,Jhonny Peralta,Tigers,146,525,576,157,108,25,3,21,68,86,40,2,95,2,9,0,17,0,2
1908,2012,Adrian Gonzalez,- - -,159,629,684,188,122,47,1,18,75,108,42,5,110,5,8,0,10,2,0
1177,2011,Albert Pujols,Cardinals,147,579,651,173,107,29,0,37,105,99,61,15,58,4,7,0,29,9,1
4613,2011,Prince Fielder,Brewers,162,569,692,170,95,36,1,38,95,120,107,32,106,10,6,0,17,1,1
4556,2013,James Loney,Rays,158,549,598,164,118,33,0,13,54,75,44,6,77,0,4,1,16,3,1
242,2012,Paul Konerko,White Sox,144,533,598,159,111,22,0,26,66,75,56,4,83,7,2,0,16,0,0
4727,2013,Jacoby Ellsbury,Red Sox,134,577,636,172,124,31,8,9,92,53,47,3,92,5,2,1,12,52,4
7287,2016,Carlos Gonzalez,Rockies,150,584,632,174,105,42,2,25,87,100,46,6,129,1,1,0,10,2,2
1875,2011,Josh Hamilton,Rangers,121,487,538,145,84,31,5,25,80,94,39,13,93,2,10,0,8,8,1
3269,2016,Robinson Cano,Mariners,161,655,715,195,121,33,2,39,107,103,47,8,100,8,5,0,18,0,1
11477,2016,Christian Yelich,Marlins,155,578,659,172,110,38,3,21,78,98,72,4,138,4,5,0,20,9,4
3516,2015,Eric Hosmer,Royals,158,599,667,178,122,33,5,18,98,93,61,6,108,3,3,1,16,7,3
1555,2013,Marco Scutaro,Giants,127,488,547,145,117,23,3,2,57,31,45,0,34,2,3,9,13,2,0
4229,2013,Howie Kendrick,Angels,122,478,513,142,104,21,4,13,55,54,23,5,89,6,3,3,16,6,3
9218,2016,Paul Goldschmidt,Diamondbacks,158,579,705,172,112,33,3,24,106,95,110,15,150,7,8,0,14,32,5
11476,2015,Odubel Herrera,Phillies,147,495,537,147,106,30,3,8,64,41,28,0,129,8,1,5,6,16,8
5038,2015,Josh Donaldson,Blue Jays,158,620,711,184,100,41,2,41,122,123,73,0,133,6,10,2,16,6,0
826,2011,Derek Jeter,Yankees,131,546,607,162,128,24,4,6,84,61,46,0,81,6,5,4,10,16,6
5227,2011,Jon Jay,Cardinals,159,455,503,135,99,24,2,10,56,37,28,1,81,7,4,9,11,6,7
6195,2015,Ian Kinsler,Tigers,154,624,675,185,132,35,7,11,94,73,43,0,80,3,5,0,13,10,6
4022,2016,Melky Cabrera,White Sox,151,591,646,175,114,42,5,14,70,86,47,2,69,0,5,3,17,2,0
589,2013,Carlos Beltran,Cardinals,145,554,600,164,107,30,3,24,79,84,38,1,90,1,6,1,12,2,1
1873,2011,Matt Holliday,Cardinals,124,446,516,132,74,36,0,22,83,75,60,4,93,8,2,0,21,2,1
5930,2015,Nick Markakis,Braves,156,612,686,181,139,38,1,3,73,53,70,11,83,3,1,0,17,2,1
14225,2014,Yasiel Puig,Dodgers,148,558,640,165,103,37,9,16,92,69,67,3,124,12,1,2,7,11,7
639,2011,Adrian Beltre,Rangers,124,487,525,144,79,33,0,32,82,105,25,0,53,5,8,0,13,1,1
4054,2011,Emilio Bonifacio,Marlins,152,565,641,167,129,26,7,5,78,36,59,1,129,1,5,11,4,40,11
1873,2012,Matt Holliday,Cardinals,157,599,688,177,112,36,2,27,95,102,75,3,132,9,5,0,16,4,4
589,2016,Carlos Beltran,- - -,151,552,593,163,101,33,0,29,73,93,35,4,101,2,4,0,19,1,0
7476,2011,Alex Avila,Tigers,141,464,551,137,81,33,4,19,63,82,73,9,131,3,8,3,8,3,1
7287,2011,Carlos Gonzalez,Rockies,127,481,542,142,86,27,3,26,92,92,48,8,105,7,6,0,11,20,5
13836,2015,Matt Duffy,Giants,149,573,612,169,123,28,6,12,77,77,30,0,96,5,2,2,22,12,0
5275,2015,Francisco Cervelli,Pirates,130,451,510,133,104,17,5,7,56,43,46,1,94,8,1,4,12,1,1
9777,2016,Nolan Arenado,Rockies,160,618,696,182,100,35,6,41,116,133,68,10,103,2,8,0,17,2,3
12161,2016,Xander Bogaerts,Red Sox,157,652,719,192,136,34,1,21,115,89,58,0,123,6,3,0,14,13,4
5209,2012,Alex Gordon,Royals,161,642,721,189,119,51,5,14,93,72,73,3,140,3,3,0,14,10,5
10556,2016,Cesar Hernandez,Phillies,155,547,622,161,130,14,11,6,67,39,66,4,116,2,2,5,6,17,13
9166,2013,Buster Posey,Giants,148,520,595,153,103,34,1,15,61,72,60,8,70,8,7,0,15,2,1
12701,2015,Billy Burns,Athletics,125,520,555,153,121,18,9,5,70,42,26,1,81,6,2,1,5,26,8
5933,2013,Jean Segura,Brewers,146,588,623,173,131,20,10,12,74,49,25,1,84,6,2,2,17,44,13
791,2015,Brandon Phillips,Reds,148,588,623,173,140,19,2,12,69,70,27,1,68,4,3,1,13,23,3
6387,2011,Michael Bourn,- - -,158,656,722,193,147,34,10,2,94,50,53,3,140,4,4,5,6,61,14
11493,2016,Manny Machado,Orioles,157,640,696,188,110,40,1,37,105,96,48,9,120,3,5,0,14,0,3
4712,2012,Ben Revere,Twins,124,511,553,150,131,13,6,0,70,32,29,0,54,3,4,6,8,40,9
1677,2013,Shane Victorino,Red Sox,122,477,532,140,97,26,2,15,82,61,25,0,75,18,2,10,5,21,3
9549,2012,David Freese,Cardinals,144,501,567,147,101,25,1,20,70,79,57,2,122,7,2,0,19,3,3
4229,2014,Howie Kendrick,Angels,157,617,674,181,136,33,5,7,85,75,48,8,110,4,2,3,15,14,5
1908,2013,Adrian Gonzalez,Dodgers,157,583,641,171,117,32,0,22,69,100,47,6,98,1,10,0,12,1,0
15676,2016,Jose Abreu,White Sox,159,624,695,183,125,32,1,25,67,100,47,7,125,15,9,0,21,0,2
6310,2012,Alcides Escobar,Royals,155,605,648,177,135,30,7,5,68,52,27,2,100,8,0,8,14,35,5
3516,2011,Eric Hosmer,Royals,128,523,563,153,104,27,3,19,66,78,34,7,82,1,5,0,13,11,5
4940,2015,Jason Heyward,Cardinals,154,547,610,160,110,33,4,13,79,60,56,4,90,2,3,0,13,23,3
6885,2012,Ian Desmond,Nationals,130,513,547,150,90,33,2,25,72,73,30,1,113,3,1,0,17,21,6
7304,2013,Salvador Perez,Royals,138,496,526,145,104,25,3,13,48,79,21,2,63,4,5,0,13,0,0
1327,2014,Jayson Werth,Nationals,147,534,629,156,102,37,1,16,85,82,83,3,113,9,3,0,9,9,1
15429,2016,Kris Bryant,Cubs,155,603,699,176,99,35,3,39,121,102,75,5,154,18,3,0,3,8,5
7870,2016,Jonathan Lucroy,- - -,142,490,544,143,92,24,3,24,67,81,47,5,100,3,4,0,16,5,0
4579,2014,Starlin Castro,Cubs,134,528,569,154,106,33,1,14,58,65,35,4,100,4,2,0,18,4,4
3473,2016,Anthony Rizzo,Cubs,155,583,676,170,91,43,4,32,94,109,74,8,108,16,3,0,13,3,5
6265,2011,Andre Ethier,Dodgers,135,487,551,142,101,30,0,11,67,62,58,9,103,3,3,0,8,0,1
13110,2012,Yoenis Cespedes,Athletics,129,487,540,142,89,25,5,23,70,82,43,5,102,7,3,0,9,16,4
9847,2015,Andrew McCutchen,Pirates,157,566,685,165,103,36,3,23,91,96,98,12,133,12,9,0,9,11,5
7399,2011,Billy Butler,Royals,159,597,673,174,111,44,0,19,74,95,66,15,95,3,7,0,16,2,1
13611,2015,Mookie Betts,Red Sox,145,597,654,174,106,42,8,18,92,77,46,1,82,2,6,3,2,21,6
950,2013,Marlon Byrd,- - -,147,532,579,155,91,35,5,24,75,88,31,2,144,8,7,1,11,2,4
4922,2016,Ender Inciarte,Braves,131,522,578,152,118,24,7,3,85,29,45,5,68,4,2,5,8,16,7
9241,2014,Starling Marte,Pirates,135,495,545,144,96,29,6,13,73,56,33,0,131,17,0,0,5,30,11
791,2016,Brandon Phillips,Reds,141,550,584,160,114,34,1,11,74,64,18,3,68,8,6,2,17,14,8
4316,2012,Daniel Murphy,Mets,156,571,612,166,117,40,3,6,62,65,36,5,82,1,4,0,12,10,2
13110,2015,Yoenis Cespedes,- - -,159,633,676,184,101,42,6,35,101,105,33,5,141,5,5,0,14,7,5
8553,2015,Gerardo Parra,- - -,155,547,589,159,104,36,5,14,83,51,28,3,92,5,5,4,8,14,4
4191,2011,Yunel Escobar,Blue Jays,133,513,590,149,111,24,3,11,77,48,61,1,70,6,5,5,14,3,3
15676,2015,Jose Abreu,White Sox,154,613,668,178,111,34,3,30,88,101,39,11,140,15,1,0,16,0,0
4418,2013,Jed Lowrie,Athletics,154,603,662,175,113,45,2,15,80,75,50,3,91,2,4,3,17,1,0
4082,2012,Erick Aybar,Angels,141,517,554,150,106,31,5,8,67,45,22,1,61,5,2,7,11,20,4
778,2011,Vladimir Guerrero,Orioles,145,562,590,163,119,30,1,13,60,63,17,3,56,7,4,0,23,2,2
4556,2014,James Loney,Rays,155,600,651,174,138,27,0,9,59,69,41,2,80,4,6,0,21,4,0
8610,2015,Kendrys Morales,Royals,158,569,639,165,100,41,2,22,81,106,58,4,103,8,4,0,24,0,0
5417,2012,Jose Altuve,Astros,147,576,630,167,122,34,4,7,80,37,40,0,74,6,4,4,8,33,11
1591,2011,Jamey Carroll,Dodgers,146,452,510,131,111,14,6,0,52,17,47,3,58,2,1,8,3,10,0
8370,2012,Dustin Pedroia,Red Sox,141,563,623,163,106,39,3,15,81,65,48,3,60,5,6,1,9,20,6
393,2016,Victor Martinez,Tigers,154,553,610,160,111,22,0,27,65,86,50,8,90,4,3,0,19,0,0
8203,2014,Dee Gordon,Dodgers,148,609,650,176,138,24,12,2,92,34,31,0,107,4,3,3,3,64,19
5222,2011,Justin Upton,Diamondbacks,159,592,674,171,96,39,5,31,105,88,59,9,126,19,4,0,8,21,9
10264,2013,Brandon Belt,Giants,150,509,571,147,87,39,4,17,76,67,52,4,125,6,3,1,4,5,2
7399,2013,Billy Butler,Royals,162,582,668,168,126,27,0,15,62,82,79,11,102,3,4,0,28,0,0
4316,2014,Daniel Murphy,Mets,143,596,642,172,124,37,2,9,79,57,39,3,86,2,5,0,15,13,5
13075,2012,Nori Aoki,Brewers,151,520,588,150,99,37,4,10,81,50,43,1,55,13,5,7,6,30,8
9393,2014,Matt Adams,Cardinals,142,527,563,152,98,34,5,15,55,68,26,5,114,3,7,0,9,3,2
3336,2011,Alberto Callaspo,Angels,141,475,536,137,108,23,0,6,54,46,58,8,48,1,2,0,11,8,1
7859,2014,Charlie Blackmon,Rockies,154,593,648,171,122,27,3,19,82,72,31,5,96,13,5,6,3,28,10
5361,2014,Freddie Freeman,Braves,162,607,708,175,110,43,4,18,93,78,90,4,145,8,3,0,18,3,4
8027,2013,Adam Lind,Blue Jays,143,465,521,134,84,26,1,23,67,67,51,5,103,1,4,0,20,1,0
4556,2011,James Loney,Dodgers,158,531,582,153,110,30,1,12,56,65,42,7,67,1,5,3,8,4,0
4106,2012,Michael Brantley,Indians,149,552,609,159,112,37,4,6,63,60,53,12,56,0,4,0,7,12,9
6195,2016,Ian Kinsler,Tigers,153,618,679,178,117,29,4,28,117,83,45,0,115,13,3,0,5,14,6
3312,2015,Martin Prado,Marlins,129,500,551,144,111,22,2,9,52,63,37,4,68,5,8,1,9,1,0
8259,2014,Kurt Suzuki,Twins,131,452,503,130,93,34,0,3,37,61,34,0,46,9,7,1,9,0,1
2918,2012,Angel Pagan,Giants,154,605,659,174,113,38,15,8,95,56,48,5,97,0,4,2,6,29,7
4949,2014,Giancarlo Stanton,Marlins,145,539,638,155,86,31,1,37,89,105,94,24,170,3,2,0,16,13,1
9166,2016,Buster Posey,Giants,146,539,614,155,106,33,2,14,82,80,64,7,68,3,8,0,18,6,1
6848,2016,Eduardo Nunez,- - -,141,553,595,159,115,24,4,16,73,67,29,3,88,5,6,2,8,40,10
639,2015,Adrian Beltre,Rangers,143,567,619,163,109,32,4,18,83,83,41,4,65,3,8,0,18,1,0
10155,2014,Mike Trout,Angels,157,602,705,173,89,39,9,36,115,111,83,6,184,10,10,0,6,16,2
6086,2014,Casey McGehee,Marlins,160,616,691,177,143,29,1,4,56,76,67,3,102,1,7,0,31,4,2
9777,2015,Nolan Arenado,Rockies,157,616,665,177,88,43,4,42,97,130,34,13,110,4,11,0,17,2,5
4229,2012,Howie Kendrick,Angels,147,550,594,158,115,32,3,8,57,67,29,1,115,4,5,6,26,14,6
12861,2014,Anthony Rendon,Nationals,153,613,683,176,110,39,6,21,111,83,58,2,104,5,5,2,11,17,3
6368,2012,Adam Jones,Orioles,162,648,697,186,112,39,3,32,103,82,34,0,126,13,2,0,15,16,7
2434,2016,Nelson Cruz,Mariners,155,589,667,169,98,27,1,43,96,105,62,5,159,9,7,0,15,2,0
1736,2014,Jose Reyes,Blue Jays,143,610,655,175,129,33,4,9,94,51,38,1,73,1,4,2,4,30,2
11205,2015,Adam Eaton,White Sox,153,610,689,175,124,28,9,14,98,56,58,2,131,14,2,5,5,18,8
3269,2015,Robinson Cano,Mariners,156,624,674,179,123,34,1,21,82,79,43,5,107,3,4,0,26,2,6
9241,2015,Starling Marte,Pirates,153,579,633,166,115,30,2,19,84,81,27,3,123,19,5,3,14,30,10
7859,2015,Charlie Blackmon,Rockies,157,614,682,176,119,31,9,17,93,58,46,2,112,13,4,5,4,43,13
6364,2016,Danny Valencia,Athletics,130,471,517,135,95,22,1,17,72,51,41,1,115,3,2,0,11,1,1
1736,2012,Jose Reyes,Marlins,160,642,716,184,124,37,12,11,86,57,63,9,56,0,6,5,10,40,11
5631,2014,Matt Kemp,Dodgers,150,541,599,155,89,38,3,25,77,89,52,3,145,0,6,0,21,8,5
11476,2016,Odubel Herrera,Phillies,159,583,656,167,125,21,6,15,87,49,63,7,134,6,2,2,6,25,7
13075,2013,Nori Aoki,Brewers,155,597,674,171,140,20,3,8,80,37,55,1,40,11,3,8,9,20,12
4720,2012,Chase Headley,Padres,161,604,699,173,109,31,2,31,95,115,86,2,157,4,5,0,7,17,6
3473,2014,Anthony Rizzo,Cubs,140,524,616,150,89,28,1,32,89,78,73,7,116,15,4,0,8,5,4
8709,2012,Elvis Andrus,Rangers,158,629,711,180,137,31,9,3,85,62,57,0,96,5,3,17,15,21,10
3364,2012,Miguel Montero,Diamondbacks,141,486,573,139,97,25,2,15,65,88,73,6,130,12,2,0,15,0,0
9218,2012,Paul Goldschmidt,Diamondbacks,145,514,587,147,83,43,1,20,82,82,60,4,130,4,9,0,9,18,3
731,2014,Torii Hunter,Tigers,142,549,586,157,105,33,2,17,71,83,23,0,89,7,7,0,18,4,3
8001,2016,Hanley Ramirez,Red Sox,147,549,620,157,98,28,1,30,81,111,60,5,120,7,4,0,17,9,3
9272,2013,Chris Davis,Orioles,160,584,673,167,71,42,1,53,103,138,72,12,199,10,7,0,4,4,1
11493,2015,Manny Machado,Orioles,162,633,713,181,115,30,1,35,102,86,70,2,111,4,4,2,17,20,8
4316,2013,Daniel Murphy,Mets,161,658,697,188,133,38,4,13,92,78,32,2,95,2,5,0,13,23,3
1887,2014,Jose Bautista,Blue Jays,155,553,673,158,96,27,0,35,101,103,104,11,96,9,6,1,18,6,2
1002,2014,Aramis Ramirez,Brewers,133,494,531,141,102,23,1,15,47,66,21,2,75,13,3,0,18,3,0
10071,2016,Jonathan Villar,Brewers,156,589,679,168,108,38,3,19,92,63,79,4,174,2,4,5,7,62,18
1908,2016,Adrian Gonzalez,Dodgers,156,568,633,162,113,31,0,18,69,90,55,9,117,4,6,0,16,0,2
13075,2014,Nori Aoki,Royals,132,491,549,140,111,22,6,1,63,43,43,0,49,6,1,8,5,17,8
1177,2012,Albert Pujols,Angels,154,607,670,173,93,50,0,30,85,105,52,16,76,5,6,0,19,8,1
6310,2014,Alcides Escobar,Royals,162,579,620,165,123,34,5,3,74,50,23,1,83,6,4,8,12,31,6
4229,2011,Howie Kendrick,Angels,140,537,583,153,99,30,6,18,86,63,33,3,119,10,0,3,18,14,6
6368,2013,Adam Jones,Orioles,160,653,689,186,117,35,1,33,100,108,25,4,136,8,3,0,15,14,3
6885,2016,Ian Desmond,Rangers,156,625,677,178,124,29,3,22,107,86,44,2,160,5,3,0,11,21,6
3174,2013,Shin-Soo Choo,Reds,154,569,712,162,105,34,2,21,107,54,112,5,133,26,2,3,3,20,11
1875,2012,Josh Hamilton,Rangers,148,562,636,160,84,31,2,43,103,128,60,13,162,5,9,0,9,7,4
3410,2015,Ryan Braun,Brewers,140,506,568,144,89,27,3,25,87,84,54,4,115,4,3,0,20,24,4
1945,2011,Corey Hart,Brewers,130,492,551,140,85,25,4,26,80,63,51,1,114,4,1,3,12,7,6
4792,2011,Jeff Francoeur,Royals,153,601,656,171,100,47,4,20,77,87,37,3,123,8,10,0,17,22,10
11205,2016,Adam Eaton,White Sox,157,619,706,176,124,29,9,14,91,59,63,2,115,14,3,7,6,14,5
5038,2016,Josh Donaldson,Blue Jays,155,577,700,164,90,32,5,37,122,99,109,6,119,9,3,2,16,7,1
6265,2012,Andre Ethier,Dodgers,149,556,618,158,101,36,1,20,79,89,50,6,124,9,3,0,13,2,2
4106,2013,Michael Brantley,Indians,151,556,611,158,119,26,3,10,66,73,40,1,67,4,8,3,11,17,4
4892,2015,Mike Moustakas,Royals,147,549,614,156,99,34,1,22,73,82,43,1,76,13,5,4,14,1,2
5133,2013,Alexei Ramirez,White Sox,158,637,674,181,134,39,2,6,68,48,26,2,68,3,4,4,17,30,9
4881,2014,Carlos Gomez,Brewers,148,574,644,163,102,34,4,23,95,73,47,0,141,19,3,1,11,34,12
5930,2011,Nick Markakis,Orioles,160,641,716,182,135,31,1,15,72,73,62,6,75,7,6,0,16,12,3
9776,2013,Jason Kipnis,Indians,149,564,658,160,103,36,4,17,86,84,76,3,143,3,10,5,10,30,7
7331,2011,Seth Smith,Rockies,147,476,533,135,79,32,9,15,67,59,46,7,93,4,7,0,9,10,2
1679,2013,Chase Utley,Phillies,131,476,531,135,86,25,6,18,73,69,45,4,79,5,5,0,12,8,3
4881,2013,Carlos Gomez,Brewers,147,536,590,152,91,27,10,24,80,73,37,2,146,10,6,1,11,40,7
1534,2011,Michael Cuddyer,Twins,139,529,584,150,99,29,2,20,70,70,48,3,95,4,3,0,18,11,1
11477,2014,Christian Yelich,Marlins,144,582,660,165,120,30,6,9,94,54,70,3,137,3,2,3,9,21,7
8202,2016,Josh Harrison,Pirates,131,487,522,138,102,25,7,4,57,59,18,0,76,5,8,4,10,19,4
11493,2013,Manny Machado,Orioles,156,667,710,189,121,51,3,14,88,71,29,0,113,2,3,9,15,6,7
4579,2012,Starlin Castro,Cubs,162,646,691,183,128,29,12,14,78,78,36,5,100,4,5,0,15,25,13
1101,2012,Ichiro Suzuki,- - -,162,629,663,178,135,28,6,9,77,55,22,5,61,2,5,5,12,29,7
8252,2013,Hunter Pence,Giants,162,629,687,178,111,35,5,27,91,99,52,3,115,3,3,0,17,22,3
8347,2012,Denard Span,Twins,128,516,568,146,100,38,4,4,71,41,47,0,62,0,1,4,10,17,6
8001,2014,Hanley Ramirez,Dodgers,128,449,512,127,79,35,0,13,64,71,56,2,84,6,1,0,10,14,5
5417,2013,Jose Altuve,Astros,152,626,672,177,139,31,2,5,64,52,32,5,85,2,8,4,24,35,13
3174,2012,Shin-Soo Choo,Indians,155,598,686,169,108,43,2,16,88,67,73,0,150,14,1,0,11,21,7
3312,2013,Martin Prado,Diamondbacks,155,609,664,172,120,36,2,14,70,82,47,2,53,2,6,0,29,3,5
9009,2014,Conor Gillaspie,White Sox,130,464,506,131,88,31,5,7,50,57,36,4,78,3,3,0,5,0,4
4220,2012,Ryan Zimmerman,Nationals,145,578,641,163,101,36,1,25,93,95,57,8,116,2,4,0,20,5,2
5361,2011,Freddie Freeman,Braves,157,571,635,161,108,32,0,21,67,76,53,3,142,6,5,0,15,4,4
3364,2011,Miguel Montero,Diamondbacks,140,493,553,139,84,36,1,18,65,86,47,10,97,8,4,1,14,1,1
6184,2015,J.D. Martinez,Tigers,158,596,657,168,95,33,2,38,93,102,53,7,178,5,3,0,11,3,2
3312,2014,Martin Prado,- - -,143,536,573,151,109,26,4,12,62,58,26,0,80,7,4,0,20,3,1
7185,2015,Logan Forsythe,Rays,153,540,615,152,100,33,2,17,69,68,55,2,111,14,6,0,12,9,4
6368,2014,Adam Jones,Orioles,159,644,682,181,120,30,2,29,88,96,19,1,133,12,7,0,11,7,1
791,2012,Brandon Phillips,Reds,147,580,623,163,114,30,1,18,86,77,28,2,79,8,4,3,19,15,2
1191,2012,Chris Johnson,- - -,136,488,528,137,89,28,5,15,48,76,31,2,132,4,4,1,18,5,1
4316,2015,Daniel Murphy,Mets,130,499,538,140,86,38,2,14,56,73,31,10,38,2,6,0,15,2,2
3371,2012,Alejandro De Aza,White Sox,131,524,585,147,103,29,6,9,81,50,47,3,109,9,1,4,1,26,12
2090,2014,Alex Rios,Rangers,131,492,521,138,96,30,8,4,54,54,23,3,93,1,5,0,19,17,9
10264,2015,Brandon Belt,Giants,137,492,556,138,82,33,5,18,73,68,56,2,147,4,4,0,3,9,3
2151,2012,Edwin Encarnacion,Blue Jays,151,542,644,152,86,24,0,42,93,110,84,12,94,11,7,0,6,13,3
6368,2011,Adam Jones,Orioles,151,567,618,159,106,26,2,25,68,83,29,2,113,9,12,1,16,12,4
9241,2013,Starling Marte,Pirates,135,510,566,143,95,26,10,12,83,35,25,2,138,24,1,6,6,41,15
7571,2014,Lonnie Chisenhall,Indians,142,478,533,134,91,29,1,13,62,59,39,3,99,8,3,4,8,3,1
7870,2013,Jonathan Lucroy,Brewers,147,521,580,146,97,25,6,18,59,82,46,2,69,5,8,0,16,9,1
4962,2016,Asdrubal Cabrera,Mets,141,521,568,146,92,30,1,23,65,62,38,3,103,7,2,0,14,5,1
6885,2013,Ian Desmond,Nationals,158,600,655,168,107,38,3,20,77,80,43,3,145,5,5,2,16,21,6
3531,2015,Troy Tulowitzki,- - -,128,486,534,136,92,27,0,17,77,70,38,5,114,6,4,0,17,1,0
5222,2012,Justin Upton,Diamondbacks,150,554,628,155,110,24,4,17,107,67,63,5,121,5,6,0,7,18,8
13110,2016,Yoenis Cespedes,Mets,132,479,543,134,77,25,1,31,72,86,51,8,108,7,6,0,14,3,1
9345,2015,Brock Holt,Red Sox,129,454,509,127,92,27,6,2,56,45,46,0,97,3,2,4,7,8,1
7539,2012,Neil Walker,Pirates,129,472,530,132,91,27,0,14,62,69,47,1,104,2,8,1,11,7,5
8709,2011,Elvis Andrus,Rangers,150,587,665,164,129,27,3,5,96,60,56,0,74,5,1,16,17,37,12
1677,2011,Shane Victorino,Phillies,132,519,586,145,85,27,16,17,95,61,55,1,63,6,0,6,4,19,3
1286,2013,Michael Young,- - -,147,519,565,145,106,26,5,8,52,46,43,4,83,1,2,0,22,1,0
4400,2013,Chris Denorfia,Padres,144,473,520,132,99,21,2,10,67,47,42,2,84,1,4,0,14,11,0
5409,2014,Pablo Sandoval,Giants,157,588,638,164,119,26,3,16,68,73,39,6,85,4,7,0,16,0,0
4613,2013,Prince Fielder,Tigers,162,624,712,174,113,36,0,25,82,106,75,5,117,9,4,0,20,1,1
4082,2011,Erick Aybar,Angels,143,556,605,155,104,33,8,10,71,59,31,1,68,6,3,9,13,30,6
8347,2013,Denard Span,Nationals,153,610,662,170,127,28,11,4,75,47,42,0,77,2,1,7,11,20,6
443,2011,Juan Pierre,White Sox,158,639,711,178,155,17,4,2,80,50,43,0,41,7,3,19,7,27,17
4082,2014,Erick Aybar,Angels,156,589,641,164,123,30,4,7,77,68,36,4,62,5,8,3,10,16,9
9627,2014,Yan Gomes,Indians,135,485,518,135,86,25,3,21,61,74,24,3,120,3,6,0,13,0,0
3473,2015,Anthony Rizzo,Cubs,160,586,701,163,91,38,3,31,94,101,78,9,105,30,7,0,9,17,6
12434,2015,Kevin Pillar,Blue Jays,159,586,628,163,118,31,2,12,76,56,28,1,85,5,5,4,9,25,4
3086,2015,Mitch Moreland,Rangers,132,471,515,131,81,27,0,23,51,85,32,2,112,7,5,0,9,1,0
5409,2013,Pablo Sandoval,Giants,141,525,584,146,103,27,2,14,52,79,47,5,79,6,6,0,19,0,0
9785,2016,Kyle Seager,Mariners,158,597,676,166,97,36,3,30,89,99,69,10,108,8,2,0,18,3,1
8370,2014,Dustin Pedroia,Red Sox,135,551,609,153,113,33,0,7,72,53,51,1,75,1,6,0,14,6,6
746,2012,A.J. Pierzynski,White Sox,135,479,520,133,84,18,4,27,68,77,28,5,78,8,4,1,8,0,0
2090,2013,Alex Rios,- - -,156,616,662,171,116,33,4,18,83,81,41,2,108,2,2,0,17,42,7
8610,2013,Kendrys Morales,Mariners,156,602,657,167,110,34,0,23,64,80,49,6,114,5,1,0,21,0,0
1176,2011,Placido Polanco,Phillies,122,469,523,130,111,14,0,5,46,50,42,0,44,3,8,1,15,3,0
6195,2013,Ian Kinsler,Rangers,136,545,614,151,105,31,2,13,85,72,51,0,59,8,7,3,5,15,11
3353,2011,Matt Joyce,Rays,141,462,522,128,75,32,2,19,69,75,49,9,106,4,7,0,7,13,1
1857,2014,Joe Mauer,Twins,120,455,518,126,93,27,2,4,60,55,60,12,96,1,2,0,12,3,0
8252,2014,Hunter Pence,Giants,162,650,708,180,121,29,10,20,106,74,52,3,130,3,3,0,13,13,6
8027,2015,Adam Lind,Brewers,149,502,572,139,87,32,0,20,72,87,66,11,100,1,3,0,7,0,0
2918,2016,Angel Pagan,Giants,129,495,543,137,96,24,5,12,71,55,42,1,66,0,3,0,11,15,4
1286,2012,Michael Young,Rangers,156,611,651,169,131,27,3,8,79,67,33,3,70,1,6,0,26,2,2
2151,2015,Edwin Encarnacion,Blue Jays,146,528,624,146,76,31,0,39,94,111,77,5,98,9,10,0,14,3,2
4062,2014,Dexter Fowler,Astros,116,434,505,120,87,21,4,8,61,35,66,2,108,3,1,1,6,11,4
1609,2011,Omar Infante,Marlins,148,579,640,160,121,24,8,7,55,49,34,1,67,2,8,17,12,4,2
4062,2016,Dexter Fowler,Cubs,125,456,551,126,81,25,7,13,84,48,79,0,124,11,4,1,3,13,4
7435,2015,Ben Zobrist,- - -,126,467,535,129,77,36,3,13,76,56,62,3,56,1,5,0,8,3,4
589,2015,Carlos Beltran,Yankees,133,478,531,132,78,34,1,19,57,67,45,2,85,2,6,0,12,0,0
10459,2014,Adeiny Hechavarria,Marlins,146,536,574,148,117,20,10,1,53,34,26,5,86,1,6,4,21,7,5
2430,2011,Darwin Barney,Cubs,143,529,571,146,115,23,6,2,66,43,22,2,67,8,4,7,14,9,2
1908,2014,Adrian Gonzalez,Dodgers,159,591,660,163,95,41,0,27,83,116,56,9,112,2,11,0,13,1,1
6012,2016,Didi Gregorius,Yankees,153,562,597,155,101,32,2,20,68,70,19,2,82,6,5,5,9,7,1
5930,2014,Nick Markakis,Orioles,155,642,710,177,135,27,1,14,81,50,62,4,84,4,2,0,10,4,2
3174,2015,Shin-Soo Choo,Rangers,149,555,653,153,96,32,3,22,94,82,76,1,147,15,5,2,7,4,2
5227,2013,Jon Jay,Cardinals,157,548,628,151,115,27,2,7,75,67,52,7,103,14,5,9,13,10,5
15429,2015,Kris Bryant,Cubs,151,559,650,154,92,31,5,26,87,99,77,0,199,9,5,0,7,13,4
9776,2016,Jason Kipnis,Indians,156,610,688,168,100,41,4,23,91,82,60,0,146,6,7,5,21,15,3
243,2011,Carlos Lee,Astros,155,585,653,161,101,38,4,18,66,94,59,8,60,3,6,0,9,4,3
5235,2016,Justin Turner,Dodgers,151,556,622,153,89,34,3,27,79,90,48,1,107,10,8,0,16,4,1
1908,2015,Adrian Gonzalez,Dodgers,156,571,643,157,96,33,0,28,76,90,62,10,107,6,3,0,21,0,1
10264,2016,Brandon Belt,Giants,156,542,655,149,83,41,8,17,77,82,104,4,148,5,4,0,7,0,4
5343,2016,Brandon Crawford,Giants,155,553,623,152,101,28,11,12,67,84,57,10,115,4,9,0,13,7,0
6195,2014,Ian Kinsler,Tigers,161,684,726,188,127,40,4,17,100,92,29,1,79,5,5,3,20,15,4
2113,2012,Ryan Doumit,Twins,134,484,528,133,80,34,1,18,56,75,29,5,98,7,8,0,17,0,0
97,2011,Chipper Jones,Braves,126,455,512,125,73,33,1,18,56,70,51,10,80,0,6,0,10,2,2
4220,2013,Ryan Zimmerman,Nationals,147,568,633,156,102,26,2,26,84,79,60,2,133,2,3,0,16,6,0
1738,2015,Jhonny Peralta,Cardinals,155,579,640,159,115,26,1,17,64,71,50,6,111,5,6,0,23,1,4
7435,2013,Ben Zobrist,Rays,157,612,698,168,117,36,3,12,77,71,72,4,91,7,6,1,18,11,3
3179,2014,Dioner Navarro,Blue Jays,139,481,520,132,98,22,0,12,40,69,32,1,76,1,6,0,12,3,0
1736,2015,Jose Reyes,- - -,116,481,519,132,98,25,2,7,57,53,26,0,62,0,3,9,6,24,6
1609,2012,Omar Infante,- - -,149,554,588,152,103,30,7,12,69,53,21,0,65,1,4,8,9,17,3
6387,2012,Michael Bourn,Braves,155,624,703,171,126,26,10,9,96,57,70,1,155,3,4,2,2,42,13
11846,2014,Leonys Martin,Rangers,155,533,583,146,119,13,7,7,68,40,39,3,114,2,2,7,4,31,12
14162,2016,Carlos Correa,Astros,153,577,660,158,99,36,3,20,76,96,75,5,139,5,3,0,12,13,3
2714,2012,Garrett Jones,Pirates,145,475,515,130,72,28,3,27,68,86,33,2,103,0,7,0,3,2,0
10473,2016,Cheslor Cuthbert,Royals,128,475,510,130,89,28,1,12,49,46,32,0,96,0,2,1,14,2,0
7539,2011,Neil Walker,Pirates,159,596,662,163,111,36,4,12,76,83,54,5,112,4,8,0,15,9,6
4022,2015,Melky Cabrera,White Sox,158,629,683,172,122,36,2,12,70,77,40,2,88,2,10,2,18,3,0
5133,2014,Alexei Ramirez,White Sox,158,622,657,170,118,35,2,15,82,74,24,0,81,6,4,1,21,21,4
9368,2016,Evan Longoria,Rays,160,633,685,173,92,41,4,36,81,98,42,6,144,3,7,0,13,0,3
5247,2012,Brett Lawrie,Blue Jays,125,494,536,135,95,26,3,11,73,48,33,0,86,5,2,2,9,13,8
2530,2012,Yonder Alonso,Padres,155,549,619,150,102,39,0,9,47,62,62,9,101,3,4,1,14,3,0
13367,2016,Stephen Piscotty,Cardinals,153,582,649,159,99,35,3,22,86,85,51,0,133,12,2,1,14,7,5
4962,2011,Asdrubal Cabrera,Indians,151,604,667,165,105,32,3,25,87,92,44,5,119,11,4,4,10,17,5
785,2014,Todd Frazier,Reds,157,597,660,163,111,22,1,29,88,80,52,2,139,7,4,0,9,20,8
8610,2012,Kendrys Morales,Angels,134,484,522,132,83,26,1,22,61,73,31,1,116,4,3,0,11,0,1
9927,2013,Brett Gardner,Yankees,145,539,609,147,96,33,10,8,81,52,52,1,127,8,3,7,8,24,8
745,2015,David Ortiz,Red Sox,146,528,614,144,70,37,0,37,73,108,77,16,95,0,9,0,16,0,1
13777,2016,Adonis Garcia,Braves,134,532,563,145,102,29,0,14,65,65,24,4,93,6,0,0,18,3,2
746,2013,A.J. Pierzynski,Rangers,134,503,529,137,95,24,1,17,48,70,11,2,76,9,6,0,14,1,1
2151,2011,Edwin Encarnacion,Blue Jays,134,481,530,131,78,36,0,17,70,55,43,2,77,3,3,0,17,8,2
8090,2014,Matt Carpenter,Cardinals,158,595,709,162,119,33,2,8,99,59,95,2,111,8,9,2,3,5,3
3154,2013,Domonic Brown,Phillies,139,496,540,135,83,21,4,27,65,83,39,5,97,1,4,0,5,8,3
1274,2012,Alex Rodriguez,Yankees,122,463,529,126,90,17,1,18,74,57,51,3,116,10,5,0,13,13,1
7435,2014,Ben Zobrist,Rays,146,570,654,155,108,34,3,10,83,52,75,4,84,1,6,2,8,10,5
4599,2012,Nick Swisher,Yankees,148,537,624,146,86,36,0,24,75,93,77,2,141,4,5,1,9,2,3
3892,2015,Josh Reddick,Athletics,149,526,582,143,94,25,4,20,67,77,49,1,65,0,2,1,7,10,2
11200,2014,Kole Calhoun,Angels,127,493,537,134,83,31,3,17,90,58,38,0,104,2,2,2,5,5,3
1101,2011,Ichiro Suzuki,Mariners,161,677,721,184,154,22,3,5,80,47,39,13,69,0,4,1,11,40,7
6265,2013,Andre Ethier,Dodgers,142,482,553,131,84,33,2,12,54,52,61,11,95,7,3,0,9,4,3
1873,2014,Matt Holliday,Cardinals,156,574,667,156,99,37,0,20,83,90,74,4,100,17,2,0,20,4,1
8090,2015,Matt Carpenter,Cardinals,154,574,665,156,81,44,3,28,101,84,81,5,151,6,4,0,5,4,3
9848,2013,Austin Jackson,Tigers,129,552,614,150,101,30,7,12,99,49,52,0,129,4,3,3,12,8,4
1177,2014,Albert Pujols,Angels,159,633,695,172,106,37,1,28,89,105,48,11,71,5,9,0,28,5,1
2151,2013,Edwin Encarnacion,Blue Jays,142,530,621,144,78,29,1,36,90,104,82,7,62,4,5,0,20,7,1
17171,2016,Yasmany Tomas,Diamondbacks,140,530,563,144,82,30,1,31,72,83,31,4,136,1,1,0,18,2,4
7435,2016,Ben Zobrist,Cubs,147,523,631,142,90,31,3,18,94,76,96,6,82,4,4,4,17,6,4
7539,2014,Neil Walker,Pirates,137,512,571,139,88,25,3,23,74,76,45,2,88,11,2,1,12,2,2
1904,2012,Adam LaRoche,Nationals,154,571,647,155,86,35,1,33,76,100,67,7,138,0,9,0,10,1,1
7399,2014,Billy Butler,Royals,151,549,603,149,108,32,0,9,57,66,41,3,96,5,8,0,21,0,0
4727,2014,Jacoby Ellsbury,Yankees,149,575,635,156,108,27,5,16,71,70,49,5,93,3,7,0,9,39,5
5930,2013,Nick Markakis,Orioles,160,634,700,172,138,24,0,10,89,59,55,3,76,3,8,0,17,1,2
12282,2016,Rougned Odor,Rangers,150,605,632,164,94,33,4,33,89,88,19,0,135,4,4,0,6,14,7
11200,2016,Kole Calhoun,Angels,157,594,672,161,103,35,5,18,91,75,67,0,118,6,5,0,10,2,3
8709,2013,Elvis Andrus,Rangers,156,620,698,168,143,17,4,4,91,67,52,1,97,4,6,16,19,42,8
2578,2011,Peter Bourjos,Angels,147,502,552,136,87,26,11,12,72,43,32,0,124,10,1,7,7,22,9
4082,2013,Erick Aybar,Angels,138,550,589,149,105,33,5,6,68,54,23,1,59,3,5,8,14,12,7
2434,2014,Nelson Cruz,Orioles,159,613,678,166,92,32,2,40,87,108,55,8,140,5,5,0,17,4,5
7287,2015,Carlos Gonzalez,Rockies,153,554,608,150,83,25,2,40,87,97,46,6,133,1,6,1,11,2,0
8090,2016,Matt Carpenter,Cardinals,129,473,566,128,65,36,6,21,81,68,81,6,108,5,4,3,4,0,4
4940,2014,Jason Heyward,Braves,149,573,649,155,115,26,3,11,74,58,67,3,98,6,3,0,2,20,4
7007,2015,Yadier Molina,Cardinals,136,488,530,132,103,23,2,4,34,61,32,3,59,0,9,1,16,3,1
1945,2012,Corey Hart,Brewers,149,562,622,152,83,35,4,30,91,83,44,5,151,11,3,2,13,5,0
4810,2011,Brian McCann,Braves,128,466,527,126,83,19,0,24,51,71,57,14,89,2,2,0,10,3,2
3516,2014,Eric Hosmer,Royals,131,503,547,136,91,35,1,9,54,58,35,4,93,3,6,0,12,4,2
4579,2016,Starlin Castro,Yankees,151,577,610,156,105,29,1,21,63,70,24,1,118,3,5,1,15,4,0
5222,2014,Justin Upton,Braves,154,566,641,153,88,34,2,29,77,102,60,1,171,6,8,0,10,8,4
4962,2012,Asdrubal Cabrera,Indians,143,555,616,150,98,35,1,16,70,68,52,3,99,6,2,1,18,9,4
11579,2012,Bryce Harper,Nationals,139,533,597,144,87,26,9,22,98,59,56,0,120,2,3,3,8,18,6
5352,2015,Yangervis Solarte,Padres,152,526,571,142,91,33,4,14,63,63,34,0,56,6,3,2,15,1,0
1679,2014,Chase Utley,Phillies,155,589,664,159,106,36,6,11,74,78,53,12,85,13,9,0,8,10,1
9272,2012,Chris Davis,Orioles,139,515,562,139,86,20,0,33,75,85,37,6,169,7,3,0,8,2,3
9368,2015,Evan Longoria,Rays,160,604,670,163,106,35,1,21,74,73,51,8,132,6,9,0,11,3,1
12861,2016,Anthony Rendon,Nationals,156,567,647,153,93,38,2,20,91,85,65,2,117,7,8,0,5,12,6
4082,2015,Erick Aybar,Angels,156,597,638,161,127,30,1,3,74,44,25,1,73,4,5,7,12,15,6
7435,2012,Ben Zobrist,Rays,157,560,668,151,85,39,7,20,88,74,97,7,103,3,6,2,13,14,9
5677,2012,A.J. Ellis,Dodgers,133,423,505,114,80,20,1,13,44,52,65,11,107,7,4,6,17,0,0
3797,2011,J.J. Hardy,Orioles,129,527,567,142,85,27,0,30,76,80,31,3,92,2,5,2,10,0,0
1849,2011,Rickie Weeks Jr.,Brewers,118,453,515,122,74,26,2,20,77,49,50,3,107,8,3,1,6,9,2
6368,2015,Adam Jones,Orioles,137,546,581,147,92,25,3,27,74,82,24,3,102,8,3,0,21,3,1
4940,2012,Jason Heyward,Braves,158,587,651,158,95,30,6,27,93,82,58,1,152,2,3,0,5,21,8
3787,2014,David Wright,Mets,134,535,586,144,105,30,1,8,54,63,42,5,113,4,5,0,22,8,5
10324,2014,Marcell Ozuna,Marlins,153,565,612,152,98,26,5,23,72,85,41,1,164,1,5,0,12,3,1
7539,2015,Neil Walker,Pirates,151,543,603,146,95,32,3,16,69,71,44,5,110,8,8,0,9,4,1
5930,2016,Nick Markakis,Braves,158,599,684,161,110,38,0,13,67,89,71,9,101,5,9,0,16,0,2
589,2012,Carlos Beltran,Cardinals,151,547,619,147,88,26,1,32,83,97,65,15,124,2,4,1,9,13,6
5133,2011,Alexei Ramirez,White Sox,158,614,684,165,117,31,2,15,81,70,51,1,84,6,5,8,19,7,5
9368,2013,Evan Longoria,Rays,160,614,693,165,91,39,3,32,91,88,70,10,162,3,6,0,16,1,0
7435,2011,Ben Zobrist,Rays,156,588,674,158,86,46,6,20,99,91,77,1,128,2,5,2,9,19,6
2140,2011,Delmon Young,- - -,124,473,503,127,93,21,1,12,54,64,23,2,85,2,5,0,19,1,0
3797,2014,J.J. Hardy,Orioles,141,529,569,142,105,28,0,9,56,52,29,1,104,4,4,3,12,0,0
6876,2012,Mark Trumbo,Angels,144,544,586,146,92,19,3,32,66,95,36,3,153,4,2,0,12,4,5
2151,2014,Edwin Encarnacion,Blue Jays,128,477,542,128,65,27,2,34,75,98,62,6,82,2,1,0,18,2,0
9810,2016,Brian Dozier,Twins,155,615,691,165,83,35,5,42,104,99,61,6,138,8,5,2,12,18,2
211,2013,Will Venable,Padres,151,481,515,129,77,22,8,22,64,53,29,4,118,2,1,2,6,22,6
1177,2016,Albert Pujols,Angels,152,593,650,159,109,19,0,31,71,119,49,6,75,2,6,0,24,4,0
1591,2012,Jamey Carroll,Twins,138,470,537,126,106,18,1,1,65,40,52,0,65,4,4,7,9,9,5
971,2011,Jimmy Rollins,Phillies,142,567,631,152,112,22,2,16,87,63,58,5,59,3,3,0,9,30,8
5631,2016,Matt Kemp,- - -,156,623,672,167,93,39,0,35,89,108,36,6,156,1,12,0,17,1,0
2396,2013,Carlos Santana,Indians,154,541,642,145,85,39,1,20,75,74,93,6,110,4,4,0,7,3,1
8553,2013,Gerardo Parra,Diamondbacks,156,601,663,161,104,43,4,10,79,48,48,3,100,3,4,7,12,10,10
9785,2014,Kyle Seager,Mariners,159,590,654,158,102,27,4,25,71,96,52,3,118,8,3,1,12,7,5
9777,2013,Nolan Arenado,Rockies,133,486,514,130,87,29,4,10,49,52,23,1,72,1,2,2,16,2,0
1737,2012,Justin Morneau,Twins,134,505,570,135,88,26,2,19,63,77,49,8,102,6,10,0,19,1,0
5223,2015,Cameron Maybin,Braves,141,505,555,135,105,18,2,10,65,59,45,1,102,1,3,1,16,23,6
9874,2014,DJ LeMahieu,Rockies,149,494,538,132,107,15,5,5,59,42,33,7,97,2,2,7,13,10,10
12984,2016,Jackie Bradley Jr.,Red Sox,156,558,636,149,86,30,7,26,94,87,63,5,143,10,5,0,10,9,2
1760,2012,Cody Ross,Red Sox,130,476,528,127,70,34,1,22,70,81,42,3,129,3,6,1,11,2,3
9848,2015,Austin Jackson,- - -,136,491,527,131,94,25,3,9,56,48,29,0,126,3,1,3,5,17,10
11265,2016,Jonathan Schoop,Orioles,162,615,647,164,100,38,1,25,82,82,21,0,137,8,3,0,16,1,2
2140,2012,Delmon Young,Tigers,151,574,608,153,107,27,1,18,54,74,20,1,112,7,7,0,20,0,2
9785,2015,Kyle Seager,Mariners,161,623,686,166,103,37,0,26,85,74,54,6,98,5,4,0,17,6,6
5209,2014,Alex Gordon,Royals,156,563,643,150,96,34,1,19,87,74,65,5,126,11,4,0,11,12,3
12434,2016,Kevin Pillar,Blue Jays,146,548,584,146,102,35,2,7,59,53,24,0,90,6,3,3,12,14,6
7331,2014,Seth Smith,Padres,136,443,521,118,70,31,5,12,55,48,69,3,87,4,4,0,9,1,1
3516,2016,Eric Hosmer,Royals,158,605,667,161,111,24,1,25,80,104,57,5,132,1,4,0,18,5,3
4062,2011,Dexter Fowler,Rockies,125,481,563,128,73,35,15,5,84,45,68,3,130,6,1,7,6,12,9
3410,2014,Ryan Braun,Brewers,135,530,580,141,86,30,6,19,68,81,41,3,113,6,3,0,17,11,5
3361,2011,Gaby Sanchez,Marlins,159,572,661,152,98,35,0,19,72,78,74,4,97,6,7,2,18,3,1
8347,2016,Denard Span,Giants,143,572,637,152,113,23,5,11,70,53,53,2,79,4,2,6,8,12,7
10324,2016,Marcell Ozuna,Marlins,148,557,608,148,96,23,6,23,75,76,43,2,115,4,4,0,11,0,3
14553,2016,Nomar Mazara,Rangers,145,516,568,137,101,13,3,20,59,64,39,1,112,6,7,0,12,0,2
3123,2013,Gregor Blanco,Giants,141,452,511,120,94,17,6,3,50,41,52,4,95,1,3,3,10,14,9
10847,2015,Andrelton Simmons,Braves,147,535,583,142,113,23,2,4,60,44,39,6,48,6,2,1,19,5,3
5209,2013,Alex Gordon,Royals,156,633,700,168,115,27,6,20,90,81,52,7,141,9,6,0,4,11,3
4962,2015,Asdrubal Cabrera,Rays,143,505,551,134,86,28,5,15,66,58,36,4,107,3,6,1,14,6,3
1857,2015,Joe Mauer,Twins,158,592,666,157,111,34,2,10,69,66,67,12,112,1,5,1,22,2,1
5631,2015,Matt Kemp,Padres,154,596,648,158,101,31,3,23,80,100,39,0,147,5,8,0,17,12,2
4579,2015,Starlin Castro,Cubs,151,547,578,145,109,23,2,11,52,69,21,6,91,5,4,1,18,5,5
6368,2016,Adam Jones,Orioles,152,619,672,164,116,19,0,29,86,83,39,2,115,5,8,1,13,2,0
6012,2015,Didi Gregorius,Yankees,155,525,578,139,104,24,2,9,57,56,33,0,85,11,6,3,4,5,3
5133,2012,Alexei Ramirez,White Sox,158,593,621,157,120,24,4,9,59,73,16,2,77,4,4,4,15,20,7
7185,2016,Logan Forsythe,Rays,127,511,567,135,87,24,4,20,76,52,46,0,127,8,2,0,8,6,6
88,2012,Rafael Furcal,Cardinals,121,477,531,126,100,18,3,5,69,49,44,1,57,1,4,5,7,12,4
3395,2011,Cliff Pennington,Athletics,148,515,570,136,100,26,2,8,57,58,42,1,104,1,4,8,5,14,9
950,2014,Marlon Byrd,Phillies,154,591,637,156,101,28,2,25,71,85,35,7,185,8,3,0,6,3,2
1572,2011,Coco Crisp,Athletics,136,531,583,140,100,27,5,8,69,54,41,2,65,1,6,4,11,49,9
243,2012,Carlos Lee,- - -,147,550,615,145,108,27,1,9,53,77,58,4,49,1,6,0,13,3,0
3371,2013,Alejandro De Aza,White Sox,153,607,675,160,112,27,4,17,84,62,50,1,147,6,6,6,8,20,8
5223,2011,Cameron Maybin,Padres,137,516,568,136,95,24,8,9,82,40,44,2,125,2,2,4,6,40,8
5222,2013,Justin Upton,Braves,149,558,643,147,91,27,2,27,94,70,75,4,161,5,4,1,12,8,1
8610,2016,Kendrys Morales,Royals,154,558,618,147,93,24,0,30,65,93,48,2,120,7,5,0,20,0,0
11038,2015,Kevin Kiermaier,Rays,151,505,535,133,86,25,12,10,62,40,24,0,95,2,2,2,7,18,5
8709,2014,Elvis Andrus,Rangers,157,619,685,163,125,35,1,2,72,41,46,0,96,3,7,9,21,27,15
2434,2011,Nelson Cruz,Rangers,124,475,513,125,67,28,1,29,64,87,33,1,116,2,3,0,8,9,5
4727,2016,Jacoby Ellsbury,Yankees,148,551,626,145,107,24,5,9,71,56,54,1,84,2,3,4,11,20,8
10339,2016,Scooter Gennett,Brewers,136,498,542,131,86,30,1,14,58,56,38,1,114,2,2,1,11,8,1
6609,2015,Freddy Galvis,Phillies,151,559,603,147,121,14,5,7,63,50,30,1,103,3,4,7,11,10,1
5827,2015,Wilmer Flores,Mets,137,483,510,127,89,22,0,16,55,59,19,2,63,4,2,2,12,0,1
3797,2013,J.J. Hardy,Orioles,159,601,644,158,106,27,0,25,66,76,38,3,73,0,2,3,14,2,1
2151,2016,Edwin Encarnacion,Blue Jays,160,601,702,158,82,34,0,42,99,127,87,3,138,5,8,0,22,2,0
1191,2014,Chris Johnson,Braves,153,582,611,153,116,27,0,10,43,58,23,2,159,2,2,2,23,6,0
6387,2013,Michael Bourn,Indians,130,525,575,138,105,21,6,6,75,50,40,0,132,2,3,5,2,23,12
1825,2012,David DeJesus,Cubs,148,506,582,133,88,28,8,9,76,50,61,1,89,9,4,2,9,7,8
4900,2011,Robert Andino,Orioles,139,457,511,120,93,22,0,5,63,36,41,0,83,3,1,9,14,13,3
745,2014,David Ortiz,Red Sox,142,518,602,136,74,27,0,35,59,104,75,22,95,3,6,0,18,0,0
1738,2014,Jhonny Peralta,Cardinals,157,560,628,147,88,38,0,21,61,75,58,2,112,6,4,0,19,3,2
4747,2011,Curtis Granderson,Yankees,156,583,691,153,76,26,10,41,136,119,85,0,169,12,7,4,12,25,10
3263,2011,Kosuke Fukudome,- - -,146,530,603,139,101,27,3,8,59,35,61,4,110,4,2,6,8,4,6
12532,2015,Kolten Wong,Cardinals,150,557,613,146,103,28,4,11,71,61,36,2,95,15,5,0,10,15,8
731,2011,Torii Hunter,Angels,156,580,649,152,103,24,2,23,80,82,62,2,125,4,3,0,24,5,7
847,2012,Alfonso Soriano,Cubs,151,561,615,147,80,33,2,32,68,108,44,5,153,7,3,0,18,6,2
4298,2011,Matt Wieters,Orioles,139,500,551,131,81,28,0,22,72,68,48,3,84,2,1,0,16,1,0
9892,2013,Jay Bruce,Reds,160,626,697,164,90,43,1,30,89,109,63,13,185,2,5,0,9,7,3
9549,2013,David Freese,Cardinals,138,462,521,121,85,26,1,9,53,60,47,1,106,9,3,0,26,1,2
6876,2015,Mark Trumbo,- - -,142,508,545,133,85,23,3,22,62,64,36,1,132,0,1,0,12,0,0
9272,2015,Chris Davis,Orioles,160,573,670,150,72,31,0,47,100,117,84,6,208,8,5,0,6,2,3
2918,2015,Angel Pagan,Giants,133,512,551,134,107,21,3,3,55,37,32,0,93,1,6,0,12,12,4
4949,2011,Giancarlo Stanton,Marlins,150,516,601,135,66,30,5,34,79,87,70,6,166,9,6,0,11,5,5
1101,2013,Ichiro Suzuki,Yankees,150,520,555,136,111,15,3,7,57,35,26,4,63,1,2,6,6,20,4
2918,2011,Angel Pagan,Mets,123,478,532,125,90,24,4,7,68,56,44,4,62,1,5,4,4,32,7
9927,2016,Brett Gardner,Yankees,148,547,634,143,108,22,6,7,80,41,70,0,106,8,5,4,6,16,4
1572,2013,Coco Crisp,Athletics,131,513,584,134,87,22,3,22,93,66,61,3,65,0,8,2,7,21,5
185,2011,Johnny Damon,Rays,150,582,647,152,100,29,7,16,79,73,51,1,92,7,5,2,4,19,6
1857,2016,Joe Mauer,Twins,134,494,576,129,92,22,4,11,68,49,79,10,93,1,2,0,11,2,0
8553,2014,Gerardo Parra,- - -,150,529,574,138,103,22,4,9,64,40,32,5,100,5,2,6,10,9,7
12856,2016,George Springer,Astros,162,644,744,168,105,29,5,29,116,82,88,2,178,11,1,0,12,9,10
791,2013,Brandon Phillips,Reds,151,606,666,158,114,24,2,18,80,103,39,6,98,8,9,4,19,5,3
5000,2015,Stephen Vogt,Athletics,136,445,511,116,74,21,3,18,58,71,56,6,97,2,8,0,9,0,2
6310,2016,Alcides Escobar,Royals,162,637,682,166,129,24,6,7,57,55,27,2,96,3,5,10,16,17,4
4599,2011,Nick Swisher,Yankees,150,526,635,137,84,30,0,23,81,85,95,6,125,5,8,1,18,2,2
11846,2013,Leonys Martin,Rangers,147,457,508,119,84,21,6,8,66,49,28,0,104,8,3,12,6,36,9
5514,2012,Jesus Montero,Mariners,135,515,553,134,99,20,0,15,46,62,29,4,99,2,7,0,15,0,2
9785,2013,Kyle Seager,Mariners,160,615,695,160,104,32,2,22,79,69,68,1,122,7,5,0,8,9,3
5352,2014,Yangervis Solarte,- - -,131,469,535,122,92,19,1,10,56,48,53,1,58,4,6,3,13,0,1
2103,2012,Josh Willingham,Twins,145,519,615,135,69,30,1,35,85,110,76,4,141,14,6,0,15,3,2
13110,2014,Yoenis Cespedes,- - -,152,600,645,156,92,36,6,22,89,100,35,3,128,3,7,0,13,7,2
7304,2015,Salvador Perez,Royals,142,531,553,138,92,25,0,21,52,70,13,4,82,4,5,0,23,1,0
2434,2012,Nelson Cruz,Rangers,159,585,642,152,83,45,0,24,86,90,48,2,140,5,4,0,7,8,4
5247,2015,Brett Lawrie,Athletics,149,562,602,146,98,29,3,16,64,60,28,1,144,5,4,3,8,5,2
9549,2014,David Freese,Angels,134,462,511,120,84,25,1,10,53,55,38,0,124,6,5,0,10,1,3
3312,2011,Martin Prado,Braves,129,551,590,143,102,26,2,13,66,57,34,1,52,1,3,1,16,4,8
7304,2014,Salvador Perez,Royals,150,578,606,150,103,28,2,17,57,70,22,2,85,3,3,0,22,1,0
2396,2016,Carlos Santana,Indians,158,582,688,151,83,31,3,34,89,87,99,0,99,2,5,0,18,5,2
1572,2012,Coco Crisp,Athletics,120,455,508,118,75,25,7,11,68,46,45,0,64,0,2,6,9,39,4
5361,2012,Freddie Freeman,Braves,147,540,620,140,82,33,2,23,91,94,64,4,129,7,9,0,10,2,0
9785,2012,Kyle Seager,Mariners,155,594,651,154,98,35,1,20,62,86,46,1,110,5,4,2,9,13,5
9927,2015,Brett Gardner,Yankees,151,571,656,148,103,26,3,16,94,66,68,1,135,6,3,8,8,20,5
1904,2014,Adam LaRoche,Nationals,140,494,586,128,83,19,0,26,73,92,82,9,108,2,8,0,13,3,0
3057,2013,Mike Napoli,Red Sox,139,498,578,129,66,38,2,23,79,92,73,3,187,6,1,0,15,1,1
11737,2014,Nick Castellanos,Tigers,148,533,579,138,92,31,4,11,50,66,36,3,140,3,7,0,7,2,2
1887,2013,Jose Bautista,Blue Jays,118,452,528,117,65,24,0,28,82,73,69,2,84,3,4,0,13,7,2
9927,2011,Brett Gardner,Yankees,159,510,588,132,98,19,8,7,87,36,60,1,93,8,2,8,5,49,13
10047,2016,Wil Myers,Padres,157,599,676,155,94,29,4,28,99,94,68,1,160,4,5,0,12,28,6
9847,2011,Andrew McCutchen,Pirates,158,572,678,148,86,34,5,23,87,89,89,3,126,9,6,2,7,23,10
1737,2013,Justin Morneau,- - -,152,572,635,148,95,36,0,17,62,77,50,4,110,7,6,0,13,0,0
3086,2011,Mitch Moreland,Rangers,134,464,512,120,81,22,1,16,60,51,39,6,92,4,3,2,9,2,2
4720,2015,Chase Headley,Yankees,156,580,642,150,109,29,1,11,74,62,51,0,135,7,4,0,17,0,2
4747,2015,Curtis Granderson,Mets,157,580,682,150,89,33,2,26,98,70,91,3,151,7,4,0,3,11,6
4191,2014,Yunel Escobar,Rays,137,476,529,123,98,18,0,7,33,39,43,3,60,4,2,4,15,1,1
8709,2015,Elvis Andrus,Rangers,160,596,661,154,111,34,2,7,69,62,46,1,78,2,9,8,14,25,9
3336,2013,Alberto Callaspo,- - -,136,453,516,117,87,20,0,10,52,58,53,2,47,1,6,3,12,0,2
12907,2016,Gregory Polanco,Pirates,144,527,587,136,76,34,4,22,79,86,53,6,119,0,6,1,13,17,6
3190,2013,Nate McLouth,Orioles,146,531,593,137,90,31,4,12,76,36,53,1,86,4,1,4,7,30,7
7462,2014,Trevor Plouffe,Twins,136,520,582,134,78,40,2,14,69,80,53,2,109,4,5,0,12,2,1
1935,2011,Kevin Youkilis,Red Sox,120,431,517,111,60,32,2,17,68,80,68,3,100,14,4,0,14,3,0
843,2011,Juan Rivera,- - -,132,466,521,120,85,23,1,11,46,74,43,1,76,3,9,0,16,5,3
12533,2015,Marcus Semien,Athletics,155,556,601,143,98,23,7,15,65,45,42,1,132,1,1,1,16,11,5
9776,2012,Jason Kipnis,Indians,152,591,672,152,112,22,4,14,86,76,67,2,109,5,6,3,12,31,7
5933,2015,Jean Segura,Brewers,142,560,584,144,117,16,5,6,57,50,13,2,93,6,2,3,14,25,6
5760,2015,Avisail Garcia,White Sox,148,553,601,142,110,17,2,13,66,59,36,3,141,8,4,0,13,7,7
8001,2012,Hanley Ramirez,- - -,157,604,667,155,98,29,4,24,79,92,54,4,132,6,3,0,17,21,7
6310,2015,Alcides Escobar,Royals,148,612,662,157,129,20,5,3,76,47,26,1,75,8,5,11,10,17,5
6195,2012,Ian Kinsler,Rangers,157,655,731,168,102,42,5,19,105,72,60,0,90,10,5,1,14,21,9
826,2014,Derek Jeter,Yankees,145,581,634,149,125,19,1,4,47,50,35,0,87,6,4,8,15,10,2
9892,2011,Jay Bruce,Reds,157,585,664,150,89,27,2,32,84,97,71,14,158,5,2,1,8,8,7
5343,2015,Brandon Crawford,Giants,143,507,561,130,72,33,4,21,65,84,39,9,119,11,4,0,18,6,4
12907,2015,Gregory Polanco,Pirates,153,593,652,152,102,35,6,9,83,52,55,6,121,1,2,1,5,27,10
9848,2014,Austin Jackson,- - -,154,597,656,153,113,30,6,4,71,47,47,0,144,2,9,1,15,20,6
6547,2016,Jordy Mercer,Pirates,149,519,584,133,97,22,3,11,66,59,51,8,83,5,2,7,11,1,1
6876,2016,Mark Trumbo,Orioles,159,613,667,157,82,27,1,47,94,108,51,1,170,3,0,0,14,2,0
4191,2013,Yunel Escobar,Rays,153,508,578,130,93,27,1,9,61,56,57,2,73,3,4,6,19,4,4
9927,2014,Brett Gardner,Yankees,148,555,636,142,92,25,8,17,87,58,56,0,134,6,6,13,3,21,5
9847,2016,Andrew McCutchen,Pirates,153,598,675,153,100,26,3,24,81,79,69,7,143,5,3,0,15,6,7
4467,2013,Brandon Moss,Athletics,145,446,505,114,58,23,3,30,73,87,50,3,140,6,3,0,4,4,2
11200,2015,Kole Calhoun,Angels,159,630,686,161,110,23,2,26,78,83,45,1,164,5,4,2,6,4,1
1677,2012,Shane Victorino,- - -,154,595,666,152,105,29,7,11,72,55,53,1,80,6,3,9,5,39,6
3917,2012,Dayan Viciedo,White Sox,147,505,543,129,85,18,1,25,64,78,28,0,120,6,4,0,19,0,2
785,2015,Todd Frazier,Reds,157,619,678,158,79,43,1,35,82,89,44,3,137,7,7,1,19,13,8
11737,2015,Nick Castellanos,Tigers,154,549,595,140,86,33,6,15,42,73,39,1,152,1,6,0,21,0,3
1201,2011,Carl Crawford,Red Sox,130,506,539,129,82,29,7,11,65,56,23,1,104,3,4,2,7,18,6
6547,2014,Jordy Mercer,Pirates,149,506,555,129,88,27,2,12,56,55,35,12,89,4,5,5,14,4,1
5038,2014,Josh Donaldson,Athletics,158,608,695,155,93,31,2,29,93,98,76,5,130,7,4,0,16,8,0
6195,2011,Ian Kinsler,Rangers,155,620,723,158,88,34,4,32,121,77,89,2,71,8,2,4,17,30,4
10231,2016,Jose Iglesias,Tigers,137,467,513,119,89,26,0,4,57,32,28,1,50,8,3,7,12,7,4
847,2013,Alfonso Soriano,- - -,151,581,626,148,81,32,1,34,84,101,36,3,156,5,4,0,11,18,9
12179,2016,Maikel Franco,Phillies,152,581,630,148,99,23,1,25,67,88,40,7,106,5,4,0,13,1,1
6885,2014,Ian Desmond,Nationals,154,593,648,151,98,26,3,24,73,91,46,0,183,6,3,0,17,24,5
4229,2016,Howie Kendrick,Dodgers,146,487,543,124,88,26,2,8,65,40,50,2,96,3,3,0,20,10,2
6876,2011,Mark Trumbo,Angels,149,539,573,137,76,31,1,29,65,87,25,6,120,5,4,0,17,9,4
5497,2016,Marwin Gonzalez,Astros,141,484,518,123,81,26,3,13,55,51,22,1,118,5,1,6,16,12,6
3531,2016,Troy Tulowitzki,Blue Jays,131,492,544,125,80,21,0,24,54,79,43,1,101,5,4,0,14,1,0
2616,2013,Zack Cozart,Reds,151,567,618,144,99,30,3,12,74,63,26,2,102,2,10,13,18,0,0
7462,2013,Trevor Plouffe,Twins,129,477,522,121,84,22,1,14,44,52,34,1,112,6,4,1,11,2,1
6310,2011,Alcides Escobar,Royals,158,548,598,139,106,21,8,4,69,46,25,1,73,4,3,18,10,26,9
2430,2012,Darwin Barney,Cubs,156,548,588,139,102,26,4,7,73,44,33,1,58,3,1,3,11,6,1
5097,2015,Anthony Gose,Tigers,140,485,535,123,86,24,8,5,73,26,45,0,145,3,0,2,11,23,11
6885,2011,Ian Desmond,Nationals,154,584,639,148,108,27,5,8,65,49,35,2,139,4,5,11,9,25,10
9368,2014,Evan Longoria,Rays,162,624,700,158,109,26,1,22,83,91,57,11,133,9,9,1,15,5,0
2154,2011,Ryan Howard,Phillies,152,557,644,141,77,30,1,33,81,116,75,16,172,7,5,0,10,1,0
2530,2016,Yonder Alonso,Athletics,156,482,532,122,81,34,0,7,52,56,45,1,74,1,4,0,15,3,1
9981,2016,Michael Saunders,Blue Jays,140,490,558,124,65,32,3,24,70,57,59,2,157,5,3,1,14,1,2
945,2011,Bobby Abreu,Angels,142,502,585,127,88,30,1,8,54,60,78,5,113,1,3,1,8,21,5
2161,2012,Jason Kubel,Diamondbacks,141,506,571,128,64,30,4,30,75,90,57,7,151,2,6,0,11,1,1
2502,2014,Lucas Duda,Mets,153,514,596,130,73,27,0,30,74,92,69,8,135,9,4,0,9,3,2
8252,2012,Hunter Pence,- - -,160,617,688,156,102,26,4,24,87,104,56,2,145,7,7,1,15,5,2
4191,2012,Yunel Escobar,Blue Jays,145,558,608,141,109,22,1,9,58,51,35,1,70,4,4,7,21,5,1
2396,2012,Carlos Santana,Indians,143,507,609,128,81,27,2,18,72,76,91,4,101,3,8,0,21,3,5
1965,2013,Desmond Jennings,Rays,139,527,602,133,82,31,6,14,82,54,64,0,115,3,5,3,6,20,8
2616,2016,Zack Cozart,Reds,121,464,508,117,71,28,2,16,67,50,37,3,84,2,4,1,9,4,1
1679,2016,Chase Utley,Dodgers,138,512,565,129,86,26,3,14,79,52,40,1,115,11,1,1,0,2,2
1609,2014,Omar Infante,Royals,135,528,575,133,103,21,3,6,50,66,33,3,68,2,7,5,7,9,3
8585,2011,Yuniesky Betancourt,Brewers,152,556,584,140,97,27,3,13,51,68,16,3,63,2,10,0,16,4,4
9892,2012,Jay Bruce,Reds,155,560,633,141,67,35,5,34,89,99,62,11,155,4,7,0,5,9,3
971,2013,Jimmy Rollins,Phillies,160,600,666,151,107,36,2,6,65,39,59,6,93,1,3,3,12,22,6
3336,2012,Alberto Callaspo,Angels,138,457,520,115,85,20,0,10,55,53,56,1,59,0,4,3,6,4,3
3371,2014,Alejandro De Aza,- - -,142,477,528,120,80,24,8,8,56,41,39,2,119,6,3,3,7,17,10
1659,2011,Hideki Matsui,Athletics,141,517,585,130,90,28,0,12,58,72,56,3,84,1,9,0,10,1,1
6201,2013,Nate Schierholtz,Cubs,137,462,503,116,60,32,3,21,56,68,29,3,94,6,5,1,6,6,3
7539,2013,Neil Walker,Pirates,133,478,551,120,76,24,4,16,62,53,50,4,85,15,3,5,14,1,2
5000,2016,Stephen Vogt,Athletics,137,490,532,123,77,30,2,14,54,56,35,3,83,4,3,0,6,0,0
7399,2015,Billy Butler,Athletics,151,538,601,135,91,28,1,15,63,65,52,4,101,7,4,0,26,0,0
5222,2015,Justin Upton,Padres,150,542,620,136,81,26,3,26,85,81,68,5,159,4,5,0,10,19,5
1281,2012,Mark Teixeira,Yankees,123,451,524,113,61,27,1,24,66,84,54,1,83,7,12,0,11,2,1
4720,2016,Chase Headley,Yankees,140,467,529,117,84,18,1,14,58,51,51,3,118,6,5,0,7,8,2
8027,2011,Adam Lind,Blue Jays,125,499,542,125,83,16,0,26,56,87,32,4,107,3,8,0,12,1,1
6867,2015,Derek Norris,Padres,147,515,557,129,80,33,2,14,65,62,35,1,131,6,1,0,5,4,1
1274,2015,Alex Rodriguez,Yankees,151,523,620,131,75,22,1,33,83,86,84,5,145,6,7,0,17,4,0
9892,2016,Jay Bruce,- - -,147,539,589,135,69,27,6,33,74,99,44,7,126,3,3,0,14,4,2
1887,2015,Jose Bautista,Blue Jays,153,543,666,136,64,29,3,40,108,114,110,2,106,5,8,0,19,8,2
10199,2014,Billy Hamilton,Reds,152,563,611,141,102,25,8,6,72,48,34,0,117,1,4,9,1,56,23
971,2012,Jimmy Rollins,Phillies,156,632,699,158,97,33,5,23,102,68,62,2,96,0,3,2,9,30,5
5986,2012,Mike Aviles,Red Sox,136,512,546,128,87,28,0,13,57,60,23,0,77,2,6,3,6,14,6
1875,2013,Josh Hamilton,Angels,151,576,636,144,86,32,5,21,73,79,47,4,158,4,9,0,16,4,0
4720,2013,Chase Headley,Padres,141,520,600,130,80,35,2,13,59,50,67,7,142,11,2,0,9,8,4
4062,2015,Dexter Fowler,Cubs,156,596,690,149,95,29,8,17,102,46,84,1,154,5,3,2,5,20,7
6878,2015,Chris Coghlan,Cubs,148,440,503,110,63,25,6,16,64,41,58,6,94,3,1,1,8,11,2
4949,2013,Giancarlo Stanton,Marlins,116,425,504,106,56,26,0,24,62,62,74,5,140,4,1,0,10,1,0
4298,2012,Matt Wieters,Orioles,144,526,593,131,80,27,1,23,67,83,60,4,112,4,3,0,17,3,0
4418,2014,Jed Lowrie,Athletics,136,502,566,125,87,29,3,6,59,50,51,5,79,5,6,2,14,0,0
10816,2013,Jedd Gyorko,Padres,125,486,525,121,72,26,0,23,62,63,33,1,123,4,2,0,14,1,1
5653,2011,Ryan Roberts,Diamondbacks,143,482,555,120,74,25,2,19,86,65,66,2,98,2,2,3,6,18,9
4969,2014,Luis Valbuena,Cubs,149,478,547,119,66,33,4,16,68,51,65,4,113,2,1,1,8,1,2
9848,2011,Austin Jackson,Tigers,153,591,668,147,104,22,11,10,90,45,56,3,181,4,3,14,11,22,5
5133,2015,Alexei Ramirez,White Sox,154,583,622,145,102,33,0,10,54,62,31,2,68,1,6,1,18,17,7
7158,2013,Eric Young,- - -,148,539,598,134,98,27,7,2,70,32,46,1,100,2,1,10,6,46,11
13329,2016,Jake Lamb,Diamondbacks,151,523,594,130,61,31,9,29,81,91,64,5,154,3,4,0,13,6,1
5343,2013,Brandon Crawford,Giants,149,499,550,124,88,24,3,9,52,43,42,6,96,5,3,1,10,1,2
1443,2011,Mark Ellis,- - -,132,480,519,119,87,24,1,7,55,41,22,0,75,6,2,9,8,14,5
1281,2011,Mark Teixeira,Yankees,156,589,684,146,80,26,1,39,90,111,76,3,110,11,8,0,12,4,1
12552,2016,Eugenio Suarez,Reds,159,565,627,140,92,25,2,21,78,70,51,0,155,8,3,0,10,11,5
10847,2013,Andrelton Simmons,Braves,157,606,658,150,100,27,6,17,76,59,40,1,55,3,4,5,16,6,5
9219,2012,Danny Espinosa,Nationals,160,594,658,147,91,37,2,17,82,56,46,4,189,13,2,3,11,20,6
2113,2013,Ryan Doumit,Twins,135,485,538,120,77,28,1,14,49,55,48,4,99,1,4,0,13,1,0
11846,2016,Leonys Martin,Mariners,143,518,576,128,93,17,3,15,72,47,44,0,149,3,7,4,10,24,6
7304,2016,Salvador Perez,Royals,139,514,546,127,75,28,2,22,57,64,22,3,119,8,2,0,12,0,0
950,2015,Marlon Byrd,- - -,135,506,544,125,72,25,5,23,58,73,29,2,145,4,5,0,10,2,1
9112,2016,Khris Davis,Athletics,150,555,610,137,69,24,2,42,85,102,42,0,166,8,5,0,19,1,2
9205,2011,Logan Morrison,Marlins,123,462,525,114,62,25,4,23,54,72,54,3,99,5,4,0,9,2,1
9981,2012,Michael Saunders,Mariners,139,507,553,125,72,31,3,19,71,57,43,0,132,1,1,1,6,21,4
6364,2011,Danny Valencia,Twins,154,564,608,139,94,28,2,15,63,72,40,2,102,0,4,0,15,2,6
5343,2014,Brandon Crawford,Giants,153,491,564,121,81,20,10,10,54,69,59,10,129,2,10,2,4,5,3
1002,2015,Aramis Ramirez,- - -,137,475,516,117,68,31,1,17,43,75,31,3,68,5,5,0,23,1,0
1572,2014,Coco Crisp,Athletics,126,463,536,114,81,21,3,9,68,47,66,2,66,0,6,1,3,19,5
6104,2011,Aaron Hill,- - -,137,520,571,128,90,27,3,8,61,61,35,1,72,7,7,2,10,21,7
5015,2012,Melvin Upton Jr.,Rays,146,573,633,141,81,29,3,28,79,78,45,0,169,1,8,4,13,31,6
2616,2012,Zack Cozart,Reds,138,561,600,138,86,33,4,15,72,35,31,0,113,3,3,2,11,4,0
2714,2014,Garrett Jones,Marlins,146,496,547,122,72,33,2,15,59,53,46,4,116,1,4,0,10,0,1
2103,2011,Josh Willingham,Athletics,136,488,563,120,65,26,0,29,69,98,56,3,150,11,8,0,6,4,1
4599,2013,Nick Swisher,Indians,145,549,634,135,84,27,2,22,74,63,77,3,138,4,4,0,11,1,0
1213,2011,Aubrey Huff,Giants,150,521,579,128,88,27,1,12,45,59,47,6,90,2,9,0,11,5,3
5933,2014,Jean Segura,Brewers,146,513,557,126,101,14,6,5,61,31,28,5,70,4,2,10,13,20,9
5222,2016,Justin Upton,Tigers,153,570,626,140,79,28,2,31,81,87,50,3,179,4,2,0,15,9,4
11003,2015,Evan Gattis,Astros,153,566,604,139,81,20,11,27,66,88,30,3,119,3,5,0,13,0,1
1965,2012,Desmond Jennings,Rays,132,505,563,124,85,19,7,13,85,47,46,1,120,5,1,6,7,31,2
1717,2011,Jason Bay,Mets,123,444,509,109,77,19,1,12,59,57,56,3,109,2,6,1,8,11,1
8219,2011,Jason Bartlett,Padres,139,554,618,136,109,22,3,2,61,40,48,0,98,5,6,5,13,23,10
10762,2016,Corey Dickerson,Rays,148,510,548,125,62,36,3,24,57,70,33,6,134,2,2,0,12,0,2
10099,2014,Dustin Ackley,Mariners,143,502,542,123,78,27,4,14,64,65,32,1,90,3,2,3,10,8,4
607,2011,Raul Ibanez,Phillies,144,535,575,131,79,31,1,20,65,84,33,3,106,2,5,0,13,2,0
4579,2013,Starlin Castro,Cubs,161,666,705,163,117,34,2,10,59,44,30,0,129,7,1,1,21,9,6
5409,2015,Pablo Sandoval,Red Sox,126,470,505,115,79,25,1,10,43,47,25,1,73,7,2,1,14,0,0
10847,2014,Andrelton Simmons,Braves,146,540,576,132,103,18,4,7,44,46,32,4,60,0,2,2,25,4,5
7462,2015,Trevor Plouffe,Twins,152,573,632,140,79,35,4,22,74,86,50,0,124,4,4,1,28,2,1
9368,2011,Evan Longoria,Rays,133,483,574,118,60,26,1,31,78,99,80,6,93,6,5,0,11,3,2
1965,2014,Desmond Jennings,Rays,123,479,542,117,75,30,2,10,64,36,47,0,108,6,1,9,10,15,6
847,2011,Alfonso Soriano,Cubs,137,475,508,116,62,27,1,26,50,88,27,4,113,4,2,0,15,2,1
1177,2015,Albert Pujols,Angels,157,602,661,147,85,22,0,40,85,95,50,10,72,6,3,0,15,5,3
2502,2015,Lucas Duda,Mets,135,471,554,115,55,33,0,27,67,73,66,7,138,14,3,0,12,0,2
242,2013,Paul Konerko,White Sox,126,467,520,114,86,16,0,12,41,54,45,2,74,4,4,0,12,0,0
2495,2012,Pedro Alvarez,Pirates,149,525,586,128,72,25,1,30,64,85,57,6,180,1,3,0,10,1,0
1327,2016,Jayson Werth,Nationals,143,525,606,128,79,28,0,21,84,69,71,0,139,4,6,0,17,5,1
9810,2013,Brian Dozier,Twins,147,558,623,136,81,33,4,18,72,66,51,0,120,6,4,3,14,14,7
6104,2014,Aaron Hill,Diamondbacks,133,501,541,122,83,26,3,10,52,60,28,0,92,5,7,0,16,4,3
9112,2014,Khris Davis,Brewers,144,501,549,122,61,37,2,22,70,69,32,0,122,10,6,0,13,4,1
971,2014,Jimmy Rollins,Phillies,138,538,609,131,88,22,4,17,78,55,64,2,100,1,3,3,6,28,6
9328,2011,Drew Stubbs,Reds,158,604,681,147,107,22,3,15,92,44,63,1,205,7,1,6,2,40,10
3364,2014,Miguel Montero,Diamondbacks,136,489,560,119,83,23,0,13,40,72,56,11,97,9,6,0,12,0,4
11579,2016,Bryce Harper,Nationals,147,506,627,123,73,24,2,24,84,86,108,20,117,3,10,0,11,21,10
5015,2011,Melvin Upton Jr.,Rays,153,560,640,136,82,27,4,23,82,81,71,4,161,4,3,2,16,36,12
12775,2016,Brad Miller,Rays,152,548,601,133,68,29,6,30,73,81,47,0,149,3,3,0,5,6,4
5223,2012,Cameron Maybin,Padres,147,507,561,123,90,20,5,8,67,45,44,1,110,4,3,3,12,26,7
4720,2014,Chase Headley,- - -,135,470,531,114,80,20,1,13,55,49,51,1,122,9,1,0,17,7,3
9810,2014,Brian Dozier,Twins,156,598,707,145,88,33,1,23,112,71,89,1,129,9,8,3,8,21,7
3892,2012,Josh Reddick,Athletics,156,611,673,148,82,29,5,32,85,85,55,8,151,2,4,1,15,11,1
4962,2013,Asdrubal Cabrera,Indians,136,508,562,123,72,35,2,14,66,64,35,1,114,8,5,6,10,9,3
14106,2015,Addison Russell,Cubs,142,475,523,115,72,29,1,13,60,54,42,2,149,3,2,1,8,4,3
3174,2014,Shin-Soo Choo,Rangers,123,455,529,110,77,19,1,13,58,40,58,3,131,12,4,0,9,3,4
11982,2016,Travis Shaw,Red Sox,145,480,530,116,64,34,2,16,63,71,43,4,133,3,4,0,10,5,1
4892,2012,Mike Moustakas,Royals,149,563,614,136,81,34,1,20,69,73,39,4,124,7,5,0,4,5,2
6609,2016,Freddy Galvis,Phillies,158,584,624,141,92,26,3,20,61,67,25,6,136,3,4,8,16,17,6
4903,2013,Matt Dominguez,Astros,152,543,589,131,85,25,0,21,56,77,30,1,96,7,7,2,17,0,1
520,2011,Alex Gonzalez,Braves,149,564,593,136,93,27,1,15,59,56,22,1,126,1,2,4,19,2,0
10950,2016,Adam Duvall,Reds,150,552,608,133,63,31,6,33,85,103,41,1,164,6,8,0,7,6,5
5133,2016,Alexei Ramirez,- - -,145,478,506,115,85,22,2,6,38,48,21,3,63,4,2,1,8,8,9
4962,2014,Asdrubal Cabrera,- - -,146,553,616,133,84,31,4,14,74,61,49,2,108,7,6,1,15,10,2
914,2012,Brennan Boesch,Tigers,132,470,503,113,77,22,2,12,52,54,26,1,104,5,2,0,11,6,3
4616,2015,Russell Martin,Blue Jays,129,441,507,106,58,23,2,23,76,77,53,1,106,8,5,0,22,4,5
13110,2013,Yoenis Cespedes,Athletics,135,529,574,127,76,21,4,26,74,80,37,5,137,5,3,0,8,7,7
9776,2014,Jason Kipnis,Indians,129,500,555,120,88,25,1,6,61,41,50,2,100,2,2,1,15,22,3
731,2015,Torii Hunter,Twins,139,521,567,125,81,22,0,22,67,81,35,1,105,6,5,0,14,2,5
1825,2011,David DeJesus,Athletics,131,442,506,106,71,20,5,10,60,46,45,1,86,11,4,4,14,4,3
12161,2014,Xander Bogaerts,Red Sox,144,538,594,129,88,28,1,12,60,46,39,1,138,8,7,2,11,2,3
11936,2016,Joe Panik,Giants,127,464,526,111,73,21,7,10,67,62,50,5,47,4,5,3,14,5,0
1738,2012,Jhonny Peralta,Tigers,150,531,585,127,79,32,3,13,58,63,49,3,105,2,2,1,20,1,2
2396,2011,Carlos Santana,Indians,155,552,658,132,68,35,2,27,84,79,97,7,133,2,7,0,15,5,3
3057,2016,Mike Napoli,Indians,150,557,645,133,76,22,1,34,92,101,78,2,194,5,5,0,15,5,1
12325,2015,Jace Peterson,Braves,152,528,597,126,92,23,5,6,55,52,56,4,120,3,3,7,5,12,10
3797,2012,J.J. Hardy,Orioles,158,663,713,158,104,30,2,22,85,68,38,4,106,3,2,7,21,0,0
14106,2016,Addison Russell,Cubs,151,525,598,125,76,25,3,21,67,95,55,6,135,12,6,0,11,5,1
9054,2013,Justin Smoak,Mariners,131,454,521,108,69,19,0,20,53,50,64,1,119,2,1,0,11,0,0
5015,2016,Melvin Upton Jr.,- - -,149,492,539,117,79,15,3,20,64,61,37,1,155,2,6,1,6,27,8
12533,2016,Marcus Semien,Athletics,159,568,621,135,79,27,2,27,72,75,51,1,139,0,1,1,12,10,2
8259,2011,Kurt Suzuki,Athletics,134,460,515,109,69,26,0,14,54,44,38,1,64,7,7,3,14,2,2
1904,2013,Adam LaRoche,Nationals,152,511,590,121,79,19,3,20,70,62,72,10,131,3,4,0,13,4,1
1260,2011,Ryan Ludwick,- - -,139,490,558,116,80,23,0,13,56,75,51,4,124,4,6,2,9,1,1
4747,2016,Curtis Granderson,Mets,150,545,633,129,70,24,5,30,88,59,74,7,130,9,5,0,10,4,2
3882,2011,Chris Young,Diamondbacks,156,567,659,134,73,38,3,20,89,71,80,4,139,4,7,1,3,22,9
10459,2016,Adeiny Hechavarria,Marlins,155,508,547,120,94,17,6,3,52,38,33,7,73,1,3,2,10,1,0
9810,2015,Brian Dozier,Twins,157,628,704,148,77,39,4,28,101,77,61,2,148,7,8,0,10,12,4
9219,2011,Danny Espinosa,Nationals,158,573,658,135,80,29,5,21,72,66,57,4,166,19,4,5,6,17,6
4792,2012,Jeff Francoeur,Royals,148,561,603,132,87,26,3,16,58,49,34,9,119,7,1,0,14,4,7
4298,2013,Matt Wieters,Orioles,148,523,579,123,72,29,0,22,59,79,43,5,104,0,12,1,7,2,0
1935,2012,Kevin Youkilis,- - -,122,438,509,103,67,15,2,19,72,60,51,2,108,17,3,0,10,0,0
3154,2014,Domonic Brown,Phillies,144,473,512,111,78,22,1,10,47,63,34,4,91,1,4,0,9,7,1
9015,2012,Gordon Beckham,White Sox,151,525,582,123,83,24,0,16,62,60,40,0,89,7,2,8,10,5,4
1887,2016,Jose Bautista,Blue Jays,116,423,517,99,52,24,1,22,68,69,87,1,103,3,4,0,21,2,2
4467,2014,Brandon Moss,Athletics,147,500,580,117,67,23,2,25,70,81,67,7,153,10,3,0,6,1,0
6310,2013,Alcides Escobar,Royals,158,607,642,142,114,20,4,4,57,52,19,1,84,3,4,9,12,22,0
6876,2013,Mark Trumbo,Angels,159,620,678,145,79,30,2,34,85,100,54,6,184,0,4,0,18,5,2
785,2013,Todd Frazier,Reds,150,531,600,124,73,29,3,19,63,73,50,1,125,14,3,2,14,6,5
3442,2011,Dan Uggla,Braves,161,600,672,140,81,22,1,36,88,82,62,2,156,7,3,0,9,1,3
6885,2015,Ian Desmond,Nationals,156,583,641,136,88,27,2,19,69,62,45,0,187,3,4,6,9,13,5
4892,2013,Mike Moustakas,Royals,136,472,514,110,72,26,0,12,42,42,32,1,83,5,4,1,13,2,4
2495,2013,Pedro Alvarez,Pirates,152,558,614,130,70,22,2,36,70,100,48,7,186,4,4,0,16,2,0
3473,2013,Anthony Rizzo,Cubs,160,606,690,141,76,40,2,23,71,80,76,7,127,6,2,0,12,6,5
3086,2016,Mitch Moreland,Rangers,147,460,503,107,64,21,0,22,49,60,35,5,118,8,0,0,8,1,0
4810,2014,Brian McCann,Yankees,140,495,538,115,76,15,1,23,57,75,32,1,77,7,4,0,16,0,0
4810,2015,Brian McCann,Yankees,135,465,535,108,66,15,1,26,68,94,52,3,97,11,7,0,7,0,0
3516,2012,Eric Hosmer,Royals,152,535,598,124,86,22,2,14,65,60,56,4,95,2,5,0,10,16,1
1327,2011,Jayson Werth,Nationals,150,561,649,130,83,26,1,20,69,58,74,5,160,10,4,0,10,19,3
3086,2013,Mitch Moreland,Rangers,147,462,518,107,59,24,1,23,60,60,45,1,117,3,8,0,11,0,0
4747,2012,Curtis Granderson,Yankees,160,596,684,138,73,18,4,43,102,106,75,4,195,5,7,1,5,10,3
3917,2014,Dayan Viciedo,White Sox,145,523,563,121,75,22,3,21,65,58,32,3,122,5,3,0,19,0,1
2396,2014,Carlos Santana,Indians,152,541,660,125,73,25,0,27,68,85,113,5,124,3,3,0,13,5,2
2396,2015,Carlos Santana,Indians,154,550,666,127,77,29,2,19,72,85,108,8,122,3,5,0,20,11,3
4616,2016,Russell Martin,Blue Jays,137,455,535,105,69,16,0,20,62,74,64,1,148,10,5,1,12,2,1
9015,2011,Gordon Beckham,White Sox,150,499,557,115,82,23,0,10,60,44,35,0,111,13,3,7,6,5,3
4940,2016,Jason Heyward,Cubs,142,530,592,122,87,27,1,7,61,49,54,0,93,5,2,1,12,11,4
1849,2012,Rickie Weeks Jr.,Brewers,157,588,677,135,81,29,4,21,85,63,74,2,169,13,2,0,9,16,3
1433,2015,Wilson Ramos,Nationals,128,475,504,109,78,16,0,15,41,68,21,2,101,0,8,0,16,0,0
2154,2015,Ryan Howard,Phillies,129,467,503,107,54,29,1,23,53,77,27,2,138,5,3,0,11,0,0
11489,2015,Michael Taylor,Nationals,138,472,511,108,77,15,2,14,49,63,35,9,158,1,2,1,5,16,3
2041,2011,John Buck,Marlins,140,466,530,106,74,15,1,16,41,57,54,7,115,7,1,2,11,0,1
8433,2012,Ike Davis,Mets,156,519,584,118,60,26,0,32,66,90,61,3,141,1,3,0,10,0,2
2090,2011,Alex Rios,White Sox,145,537,570,122,85,22,2,13,64,44,27,4,68,2,4,0,20,11,6
10030,2015,Chris Owings,Diamondbacks,147,515,552,117,81,27,5,4,59,43,26,3,144,1,3,7,9,16,4
4747,2014,Curtis Granderson,Mets,155,564,654,128,79,27,2,20,73,66,79,1,141,6,5,0,1,8,2
9911,2014,Chris Carter,Astros,145,507,572,115,56,21,1,37,68,88,56,6,182,5,4,0,12,5,2
10459,2013,Adeiny Hechavarria,Marlins,148,543,578,123,98,14,8,3,30,42,30,1,96,0,1,4,19,11,10
4616,2013,Russell Martin,Pirates,127,438,506,99,63,21,0,15,51,55,58,2,108,8,1,1,13,9,5
4467,2015,Brandon Moss,- - -,145,469,526,106,61,24,2,19,47,58,49,4,148,5,3,0,12,0,1
9892,2015,Jay Bruce,Reds,157,580,649,131,66,35,4,26,72,87,58,8,145,2,9,0,10,9,5
10099,2012,Dustin Ackley,Mariners,153,607,668,137,101,22,2,12,84,50,59,7,124,0,1,1,3,13,3
785,2016,Todd Frazier,White Sox,158,590,666,133,72,21,0,40,89,98,64,1,163,4,7,1,11,15,5
9205,2015,Logan Morrison,Mariners,146,457,511,103,68,15,3,17,47,54,47,5,81,4,2,1,7,8,4
934,2011,Carlos Pena,Cubs,153,493,606,111,53,27,3,28,72,80,101,7,161,4,7,1,6,2,2
9893,2011,Colby Rasmus,- - -,129,471,526,106,62,24,6,14,75,53,50,2,116,0,3,2,10,5,2
2234,2012,Kelly Johnson,Blue Jays,142,507,581,114,77,19,2,16,61,55,62,4,159,5,4,2,8,14,2
971,2015,Jimmy Rollins,Dodgers,144,517,563,116,76,24,3,13,71,41,44,0,86,0,1,1,12,12,8
1638,2011,Miguel Olivo,Mariners,130,477,507,107,68,19,1,19,54,62,20,2,140,1,8,1,7,6,5
6086,2011,Casey McGehee,Brewers,155,546,600,122,83,24,2,13,46,67,45,4,104,1,8,0,19,0,3
9911,2013,Chris Carter,Astros,148,506,585,113,58,24,2,29,64,82,70,1,212,4,5,0,8,2,0
2154,2014,Ryan Howard,Phillies,153,569,648,127,85,18,1,23,65,95,67,7,190,7,5,0,10,0,0
9893,2012,Colby Rasmus,Blue Jays,151,565,625,126,77,21,5,23,75,75,47,5,149,7,4,2,7,4,3
9911,2016,Chris Carter,Brewers,160,549,644,122,53,27,1,41,84,94,76,1,206,9,10,0,18,3,1
2234,2011,Kelly Johnson,- - -,147,545,613,121,66,27,7,21,75,58,60,2,163,4,0,4,3,16,6
8722,2014,Jason Castro,Astros,126,465,512,103,66,21,2,14,43,56,34,1,151,9,3,1,11,1,0
2616,2014,Zack Cozart,Reds,147,506,543,112,85,18,5,4,48,38,25,3,79,7,0,5,13,7,0
7619,2012,Mark Reynolds,Orioles,135,457,538,101,52,26,0,23,65,69,73,2,159,6,2,0,19,1,3
7619,2011,Mark Reynolds,Orioles,155,534,620,118,53,27,1,37,84,86,75,2,196,7,4,0,11,6,4
9272,2016,Chris Davis,Orioles,157,566,665,125,66,21,0,38,99,84,88,3,219,8,3,0,6,1,0
2498,2012,Jemile Weeks,Athletics,118,444,511,98,73,15,8,2,54,20,50,0,70,5,3,9,5,16,5
7619,2013,Mark Reynolds,- - -,135,445,504,98,63,14,0,21,55,67,51,1,154,5,3,0,9,3,1
5209,2016,Alex Gordon,Royals,128,445,506,98,63,16,2,17,62,40,52,3,148,8,1,0,9,8,1
3442,2012,Dan Uggla,Braves,154,523,630,115,67,29,0,19,86,78,94,5,168,10,3,0,8,4,3
319,2014,Adam Dunn,- - -,131,429,511,94,54,18,0,22,49,64,71,5,159,7,4,0,5,1,1
319,2013,Adam Dunn,White Sox,149,525,607,115,66,15,0,34,60,86,76,7,189,3,3,0,2,1,1
1326,2011,Vernon Wells,Angels,131,505,529,110,66,15,4,25,60,66,20,0,86,1,3,0,8,9,4
9054,2012,Justin Smoak,Mariners,132,483,535,105,72,14,0,19,49,51,49,2,111,1,2,0,12,1,0
9892,2014,Jay Bruce,Reds,137,493,545,107,67,21,1,18,71,66,44,5,149,2,5,1,8,12,3
1281,2014,Mark Teixeira,Yankees,123,440,508,95,59,14,0,22,56,62,58,3,109,6,4,0,13,1,1
3433,2014,Allen Craig,- - -,126,461,505,99,70,20,1,8,41,46,35,0,113,7,2,0,14,2,1
4903,2014,Matt Dominguez,Astros,157,564,607,121,88,17,0,16,51,57,29,2,125,5,7,2,23,0,1
9328,2012,Drew Stubbs,Reds,136,493,544,105,76,13,2,14,75,40,42,0,166,2,1,6,2,30,7
11899,2015,Joc Pederson,Dodgers,151,480,585,101,55,19,1,26,67,54,92,6,170,9,2,2,5,4,7
9219,2016,Danny Espinosa,Nationals,157,516,601,108,69,15,0,24,66,72,54,12,174,20,4,7,4,9,2
5015,2014,Melvin Upton Jr.,Braves,141,519,582,108,72,19,5,12,67,35,57,5,173,1,2,3,6,20,7
2430,2013,Darwin Barney,Cubs,141,501,555,104,71,25,1,7,49,41,36,5,64,6,6,4,22,4,2
319,2012,Adam Dunn,White Sox,151,539,649,110,50,19,0,41,87,96,105,3,222,1,4,0,8,2,1
934,2012,Carlos Pena,Rays,160,497,600,98,60,17,2,19,72,61,87,2,182,13,3,0,10,2,3
9272,2014,Chris Davis,Orioles,127,450,525,88,46,16,0,26,65,72,60,9,173,9,5,1,2,2,1
3442,2013,Dan Uggla,Braves,136,448,537,80,45,10,3,22,60,55,77,2,171,9,3,0,7,2,0
